,avg_Drama,avg_Thriller,avg_Comedy,avg_Action,avg_Adventure,avg_Romance,avg_Sci-Fi,avg_Crime,avg_Fantasy,avg_Mystery,avg_War,avg_Horror,avg_Animation,avg_Musical,avg_Film-Noir,avg_Documentary,cluster,userId
0,4.53,4.15,4.28,4.32,4.39,4.31,4.22,4.36,4.3,4.17,4.5,3.47,4.69,4.68,5.0,0.0,7,1
1,3.88,3.7,4.0,3.95,4.17,4.5,3.88,3.8,0.0,4.0,4.5,3.0,0.0,0.0,0.0,4.33,3,2
2,0.75,4.14,1.0,3.57,2.73,0.5,4.2,0.5,3.38,5.0,0.5,4.69,0.5,0.5,0.0,0.0,3,3
3,3.48,3.55,3.51,3.32,3.66,3.38,2.83,3.81,3.68,3.48,3.57,4.25,4.0,4.0,4.0,4.0,1,4
4,3.8,3.56,3.47,3.11,3.25,3.09,2.5,3.83,4.14,4.0,3.33,3.0,4.33,4.4,0.0,0.0,0,5
5,3.61,3.54,3.37,3.61,3.89,3.61,3.48,3.29,3.54,3.73,3.58,3.26,4.07,4.17,2.5,0.0,7,6
6,3.13,3.43,3.16,3.26,3.31,2.65,3.15,3.31,3.07,3.18,3.29,4.0,3.39,3.67,3.25,0.0,7,7
7,3.79,3.75,3.21,3.33,3.55,3.5,3.25,3.89,3.25,4.0,3.67,4.5,5.0,5.0,0.0,0.0,0,8
8,3.43,2.55,3.67,3.12,3.8,3.17,3.0,3.14,5.0,4.0,3.5,1.8,4.0,3.0,4.0,0.0,7,9
9,3.15,3.08,3.27,3.5,3.58,3.33,2.0,3.12,3.44,2.17,3.75,1.75,3.87,3.33,0.0,0.0,8,10
10,4.17,3.66,3.42,3.54,3.56,4.23,3.5,3.69,2.0,4.33,4.33,5.0,0.0,0.0,0.0,0.0,3,11
11,4.56,4.0,4.31,4.0,3.0,4.57,4.5,3.0,4.25,0.0,4.5,0.0,3.0,0.0,0.0,0.0,8,12
12,3.5,3.82,3.27,4.2,4.17,3.67,4.2,3.67,3.0,4.5,3.5,4.0,0.0,0.0,0.0,0.0,3,13
13,3.71,3.46,2.71,3.33,3.44,3.57,3.5,2.71,1.0,4.5,4.25,4.0,0.0,4.0,0.0,0.0,3,14
14,3.74,3.43,3.36,3.2,3.34,3.88,3.58,3.58,2.91,3.42,4.1,3.82,2.95,2.7,0.0,0.0,0,15
15,3.73,3.79,3.74,3.52,3.78,3.65,3.69,3.75,3.94,3.77,3.68,3.5,3.96,0.0,4.0,4.0,1,16
16,4.19,4.28,4.16,4.23,4.29,3.93,4.4,4.25,4.32,4.05,4.44,4.17,4.4,4.0,3.75,3.5,1,17
17,3.89,3.79,3.51,3.59,3.63,3.68,3.64,3.93,3.64,4.03,3.94,3.3,3.76,3.71,3.88,3.94,1,18
18,2.61,2.55,2.64,2.73,2.82,2.68,2.56,2.9,2.83,2.97,3.0,2.27,2.94,2.84,3.33,0.0,4,19
19,3.81,2.73,3.67,2.76,3.44,3.99,3.23,3.24,3.86,3.22,3.5,3.12,4.18,4.47,1.5,3.75,6,20
20,2.95,3.55,3.2,3.46,3.66,3.24,3.45,3.18,3.09,3.36,3.62,1.77,3.24,2.8,3.5,0.0,7,21
21,2.61,2.78,2.49,2.78,2.35,2.2,2.1,2.53,1.88,2.46,2.33,2.5,2.71,4.5,4.5,2.0,4,22
22,3.64,3.72,3.42,3.54,3.39,3.33,3.91,3.65,3.82,4.07,3.75,4.0,3.8,0.0,3.95,3.25,1,23
23,3.69,3.65,3.59,3.64,3.65,3.55,3.64,3.91,3.73,3.77,3.71,3.62,4.25,3.5,0.0,0.0,0,24
24,4.96,4.88,4.5,4.83,4.75,5.0,4.72,5.0,5.0,4.75,5.0,0.0,4.67,0.0,0.0,0.0,5,25
25,3.25,3.43,3.2,3.0,2.67,3.0,2.0,3.5,0.0,4.0,3.0,4.0,0.0,0.0,0.0,0.0,3,26
26,3.8,3.43,3.4,3.64,3.64,4.13,3.38,3.57,3.36,4.33,3.6,1.5,3.36,3.92,4.0,0.0,7,27
27,3.0,2.93,2.83,3.06,3.16,2.89,3.18,2.97,3.1,2.93,3.33,2.78,3.4,3.5,3.0,3.25,1,28
28,4.21,3.98,3.59,4.02,4.17,4.33,4.11,4.03,3.88,4.36,4.32,4.25,3.5,3.17,5.0,4.25,1,29
29,5.0,4.3,4.6,4.72,4.79,5.0,4.65,4.86,4.75,5.0,5.0,3.0,4.6,0.0,0.0,0.0,5,30
30,3.67,4.45,3.86,4.33,4.0,3.75,3.78,3.33,3.7,5.0,5.0,3.5,4.0,4.6,0.0,5.0,6,31
31,3.98,3.64,3.72,3.57,3.56,3.73,3.36,4.05,3.58,3.62,3.33,3.33,3.0,4.0,0.0,4.0,6,32
32,3.79,3.63,3.83,4.0,3.9,3.85,4.14,3.92,3.5,3.67,4.12,4.5,3.83,4.0,5.0,0.0,7,33
33,3.25,3.77,3.2,3.74,3.81,3.1,3.35,3.77,3.25,3.07,2.1,3.44,3.64,0.0,0.0,2.0,5,34
34,4.22,4.75,3.9,4.0,4.2,3.56,3.0,4.75,4.0,5.0,2.0,0.0,3.0,3.0,0.0,0.0,2,35
35,2.56,2.89,2.35,2.64,2.81,2.35,2.3,2.74,2.0,3.0,2.9,3.0,0.0,1.5,3.25,0.0,4,36
36,4.12,4.11,4.12,3.71,3.75,3.0,4.25,4.14,3.5,0.0,4.0,5.0,3.0,3.5,0.0,0.0,8,37
37,3.29,3.39,3.2,3.05,2.94,3.11,2.33,3.33,3.14,4.33,3.71,2.0,3.2,3.2,0.0,5.0,6,38
38,4.11,4.22,4.0,4.25,3.88,3.6,4.0,4.4,3.75,3.75,4.0,4.46,3.29,3.12,3.5,0.0,7,39
39,4.2,3.87,3.63,3.52,3.48,3.68,3.0,4.0,3.75,4.33,4.0,2.67,3.62,3.43,0.0,0.0,0,40
40,3.43,3.27,3.4,2.53,2.68,3.32,2.3,3.38,2.75,3.3,2.92,2.96,3.67,3.0,4.25,1.5,4,41
41,3.82,3.58,3.41,3.4,3.51,3.64,3.25,3.75,3.59,3.96,3.81,3.0,4.0,3.86,3.5,4.33,1,42
42,4.43,4.31,4.52,4.32,4.68,4.52,4.67,4.25,4.88,4.5,4.0,4.6,5.0,5.0,0.0,0.0,0,43
43,3.58,3.18,3.39,3.45,3.45,3.38,3.11,4.0,2.33,3.0,0.0,2.33,2.75,3.0,0.0,0.0,2,44
44,4.04,4.02,3.69,4.01,4.02,3.92,3.72,4.2,3.76,4.21,4.43,4.03,4.44,4.3,0.0,4.0,6,45
45,4.0,3.94,3.92,3.89,4.08,4.5,4.0,4.0,4.67,4.33,4.33,4.5,5.0,5.0,0.0,0.0,0,46
46,3.22,2.84,2.47,2.81,2.95,2.9,2.85,3.28,2.5,2.69,3.5,2.08,0.0,2.93,0.0,3.29,3,47
47,4.0,3.97,4.19,4.02,4.04,4.0,4.17,4.25,4.5,4.5,0.0,4.33,4.38,4.25,0.0,0.0,2,48
48,4.35,4.25,4.0,4.36,4.25,4.0,4.33,4.17,0.0,4.25,4.25,4.25,4.0,0.0,0.0,0.0,5,49
49,3.04,2.82,2.59,2.45,2.48,2.82,2.55,2.93,2.83,3.22,3.45,2.62,2.62,2.57,3.5,3.14,4,50
50,4.07,3.46,3.8,3.48,3.59,3.97,3.77,3.85,3.88,3.7,4.27,3.76,3.06,3.61,4.17,5.0,1,51
51,4.42,4.58,4.43,4.53,4.59,4.39,4.59,4.62,4.55,4.67,4.38,4.33,4.46,4.67,0.0,4.5,6,52
52,5.0,5.0,5.0,5.0,5.0,5.0,5.0,5.0,0.0,5.0,5.0,5.0,0.0,5.0,5.0,0.0,7,53
53,3.13,3.0,2.92,2.86,3.0,3.17,3.0,3.12,3.0,3.0,3.33,4.0,3.0,3.0,0.0,0.0,0,54
54,2.92,4.06,2.56,2.9,2.62,0.5,1.33,4.35,1.75,3.5,2.25,0.0,0.5,0.5,0.0,0.0,3,55
55,3.94,3.81,3.94,3.58,3.92,4.25,3.56,3.54,3.33,4.0,4.33,3.67,5.0,5.0,0.0,0.0,0,56
56,3.55,3.16,3.4,3.21,3.36,3.4,3.15,3.46,3.42,3.79,4.15,2.82,3.76,3.71,4.15,4.0,1,57
57,4.02,4.03,3.77,3.81,3.76,4.0,3.7,3.65,4.0,4.5,4.2,2.33,4.38,4.44,0.0,0.0,0,58
58,4.68,4.4,3.96,4.0,3.68,4.6,3.85,4.22,3.25,4.5,4.72,5.0,3.0,0.0,4.67,4.5,1,59
59,3.93,3.5,3.5,4.0,3.5,3.4,0.0,4.0,3.0,3.5,4.0,0.0,3.5,3.5,0.0,0.0,0,60
60,4.19,4.17,3.5,3.86,4.0,3.12,3.72,4.19,4.25,4.4,4.17,4.0,0.0,0.0,0.0,0.0,3,61
61,4.28,4.15,3.87,3.99,3.93,3.78,3.97,4.47,3.89,4.22,4.16,4.02,3.39,3.42,4.5,0.0,7,62
62,3.6,3.54,3.75,3.58,3.53,3.5,3.41,3.79,3.59,3.9,3.47,3.04,4.24,4.2,4.4,4.36,1,63
63,3.92,3.67,3.66,3.65,3.76,3.71,3.51,3.88,3.82,3.67,4.31,3.74,3.88,3.79,4.0,4.08,1,64
64,4.12,4.08,3.7,3.97,3.79,3.67,4.06,4.18,3.62,4.25,3.83,0.0,0.0,0.0,0.0,0.0,3,65
65,4.2,3.97,3.96,3.84,3.91,4.28,3.79,4.07,4.1,4.22,4.39,3.92,4.19,4.25,4.88,0.0,7,66
66,4.04,4.22,4.32,4.12,3.61,3.88,4.06,4.2,3.08,3.5,4.33,0.0,3.9,0.0,0.0,0.0,5,67
67,3.22,3.21,3.17,3.34,3.41,3.33,3.2,3.22,3.29,3.12,3.34,2.84,3.33,3.04,3.83,3.79,1,68
68,4.32,4.15,4.67,4.44,4.33,4.25,4.35,4.57,5.0,4.6,4.0,3.83,0.0,0.0,4.0,0.0,3,69
69,4.41,3.0,4.14,3.75,4.38,4.46,4.25,4.36,4.62,4.0,4.3,4.5,4.0,0.0,0.0,4.5,6,70
70,3.11,3.73,3.62,3.86,3.81,3.86,3.36,3.2,4.0,3.5,4.0,0.0,5.0,3.0,0.0,0.0,0,71
71,4.15,4.21,3.83,4.15,4.2,4.12,4.25,4.5,0.0,4.38,4.38,4.33,0.0,0.0,0.0,0.0,3,72
72,3.87,4.13,3.5,4.13,3.95,3.35,3.95,4.07,3.68,4.38,4.8,3.8,3.42,3.1,0.0,0.0,0,73
73,4.28,4.23,4.35,4.07,4.18,4.25,3.94,4.26,4.5,4.28,4.18,3.64,0.0,4.0,4.75,5.0,1,74
74,2.98,3.22,3.81,3.21,3.38,3.23,2.95,3.15,3.39,2.96,2.38,3.5,4.2,4.33,0.0,0.0,0,75
75,3.19,3.58,2.64,3.16,2.52,1.73,3.2,3.65,1.97,3.63,3.11,3.93,0.56,0.75,0.0,3.5,3,76
76,3.28,2.94,3.62,4.42,4.93,3.17,4.05,3.5,4.8,2.12,0.0,0.0,5.0,0.0,0.0,0.0,2,77
77,2.83,3.14,3.16,3.31,3.0,3.5,3.03,3.33,2.5,2.33,3.0,2.5,2.25,1.5,0.0,0.0,8,78
78,3.96,4.22,4.14,4.2,4.25,4.0,4.36,4.5,4.0,4.5,4.0,4.17,0.0,4.5,5.0,4.33,1,79
79,4.28,4.29,3.82,4.36,4.2,4.38,4.19,4.43,4.35,4.47,4.08,4.13,4.0,0.0,4.0,0.0,5,80
80,2.88,3.08,1.88,2.77,2.45,2.33,3.83,2.71,1.0,4.0,2.67,0.0,2.0,2.0,0.0,0.0,8,81
81,3.32,3.3,3.47,3.55,3.37,3.38,3.53,3.45,3.25,3.14,3.86,3.36,3.04,3.21,1.0,3.0,6,82
82,3.63,3.11,3.0,3.0,3.18,3.68,3.4,3.39,3.2,3.33,3.44,2.5,3.45,4.12,0.0,2.0,0,83
83,3.88,3.57,3.49,3.56,3.56,3.7,3.36,3.73,3.56,3.93,4.35,3.55,3.0,3.76,3.67,3.75,1,84
84,3.83,3.0,3.33,1.0,5.0,4.0,2.0,2.0,5.0,3.67,3.67,0.0,0.0,0.0,0.0,0.0,3,85
85,3.94,3.92,4.07,3.85,3.91,3.85,3.91,4.11,3.94,4.25,3.17,4.0,4.04,4.0,0.0,0.0,0,86
86,4.17,4.31,3.21,4.24,4.57,3.5,3.79,4.56,4.7,4.25,4.25,4.17,0.0,0.0,0.0,0.0,3,87
87,3.41,3.74,3.47,3.38,3.52,3.09,3.38,3.32,3.46,3.7,3.46,4.24,4.02,3.05,0.0,4.5,6,88
88,4.21,4.0,4.05,4.0,3.75,4.28,4.0,4.4,3.5,4.0,4.0,4.0,3.0,4.33,0.0,4.25,6,89
89,3.33,3.67,3.09,3.61,3.61,2.96,3.71,3.53,3.84,3.75,3.33,3.83,3.97,3.1,3.5,3.5,1,90
90,3.85,3.5,4.11,3.5,3.88,4.38,3.67,3.0,4.5,4.0,4.25,3.83,4.0,4.5,0.0,0.0,0,91
91,4.5,4.36,4.11,4.33,4.2,4.35,4.5,4.38,4.26,4.5,5.0,4.33,3.75,4.0,0.0,0.0,0,92
92,3.33,3.19,2.73,3.05,3.28,2.3,3.33,3.18,2.83,3.33,3.75,2.0,4.0,4.0,0.0,0.0,0,93
93,4.22,4.1,3.85,4.18,4.17,4.17,4.27,4.14,4.0,4.25,4.25,3.33,4.7,3.67,4.0,4.5,1,94
94,3.91,3.81,3.95,3.86,3.85,3.55,3.81,4.5,3.62,4.43,4.0,4.0,5.0,4.0,5.0,0.0,7,95
95,3.92,4.55,4.11,4.18,4.29,4.4,4.43,4.5,5.0,0.0,3.75,5.0,4.5,0.0,0.0,0.0,5,96
96,3.88,3.91,4.0,3.62,3.6,3.88,3.68,4.25,3.42,4.6,4.67,4.27,3.98,3.79,0.0,0.0,0,97
97,4.39,4.0,3.87,3.81,4.0,4.7,2.83,4.14,0.0,3.67,3.5,3.33,5.0,5.0,0.0,0.0,0,98
98,3.98,3.63,3.93,3.98,4.03,4.09,3.57,4.12,3.95,3.7,4.0,2.4,3.5,4.08,0.0,0.0,0,99
99,4.08,3.5,3.36,3.33,3.33,3.0,3.86,4.0,3.67,4.0,0.0,3.6,4.0,4.0,0.0,0.0,2,100
100,3.53,3.33,3.57,3.12,3.14,3.29,2.83,3.36,0.0,3.67,3.67,3.5,4.0,4.0,0.0,0.0,0,101
101,4.16,4.04,3.82,3.67,3.5,3.84,3.46,4.39,3.64,3.85,4.17,3.6,3.65,3.87,4.75,3.5,1,102
102,3.55,3.26,3.57,3.12,3.54,3.74,3.26,3.5,3.68,3.5,3.31,2.38,3.86,3.74,4.5,0.0,7,103
103,4.16,4.07,4.03,3.89,3.93,4.01,3.96,4.23,3.98,4.25,4.11,4.07,4.27,3.89,4.17,4.45,1,104
104,4.39,4.07,4.67,4.29,4.44,5.0,3.92,5.0,4.5,4.5,0.0,3.5,4.25,0.0,0.0,0.0,5,105
105,4.24,3.67,3.69,3.64,3.77,4.2,3.4,3.71,4.0,4.0,4.33,4.0,4.0,0.0,0.0,0.0,5,106
106,4.19,3.83,4.11,3.6,4.0,3.97,4.23,4.6,3.0,4.75,3.5,2.0,3.5,5.0,0.0,0.0,0,107
107,3.39,3.3,3.04,3.18,2.89,3.38,2.92,3.59,2.89,3.4,3.83,3.2,3.0,3.17,3.0,3.0,1,108
108,3.93,3.63,3.75,3.3,3.7,3.81,2.7,4.0,0.0,3.88,3.92,2.25,0.0,0.0,0.0,5.0,3,109
109,3.33,2.88,3.42,3.44,3.28,3.25,2.88,3.59,3.18,2.84,4.1,2.04,3.15,3.3,0.0,4.26,6,110
110,3.56,3.75,2.64,4.11,3.88,2.17,4.19,3.82,3.5,4.6,3.6,4.25,3.5,3.5,0.0,0.0,0,111
111,3.82,3.47,3.58,3.12,4.4,3.74,3.25,3.81,3.67,3.55,4.6,3.33,4.0,4.2,4.5,0.0,7,112
112,3.71,3.6,3.55,3.25,3.28,3.0,3.3,3.83,3.27,2.25,0.0,4.0,3.1,3.5,0.0,0.0,2,113
113,3.88,3.82,3.71,3.75,3.74,2.9,3.89,3.64,3.33,4.09,4.14,3.8,3.92,4.0,4.0,0.0,7,114
114,3.15,3.52,3.39,3.77,3.5,3.58,3.58,3.18,3.22,3.8,3.0,3.06,3.5,3.86,0.0,0.0,0,115
115,3.46,3.21,3.36,3.11,3.18,3.44,3.19,3.24,3.33,3.33,3.89,3.8,3.71,3.77,0.0,0.0,0,116
116,4.0,3.83,3.5,3.5,3.33,2.5,4.0,3.89,0.0,3.5,4.0,3.0,0.0,0.0,0.0,0.0,3,117
117,4.28,4.16,4.07,4.14,4.18,4.31,3.99,4.28,4.0,4.27,4.42,4.0,4.14,5.0,4.0,3.88,1,118
118,3.57,3.33,3.2,3.57,3.56,3.0,3.75,5.0,2.67,3.0,0.0,3.0,3.0,2.67,0.0,0.0,2,119
119,3.42,3.3,3.2,3.25,3.0,3.41,3.0,3.9,2.6,3.0,3.4,3.0,3.5,3.0,0.0,3.0,6,120
120,4.66,4.51,4.55,4.4,4.41,4.48,4.48,4.66,4.47,4.65,4.55,4.47,4.61,4.88,5.0,4.5,1,121
121,4.04,4.06,3.9,3.94,3.89,3.83,4.06,4.03,3.8,4.2,4.17,4.0,4.0,0.0,0.0,0.0,5,122
122,4.41,3.88,3.9,3.67,4.12,4.29,3.62,4.36,3.75,3.83,4.25,2.33,4.3,0.0,4.0,0.0,5,123
123,4.0,3.84,3.92,3.71,3.62,3.97,3.76,3.87,3.85,4.14,3.73,3.74,3.93,3.92,3.83,2.5,1,124
124,3.5,3.5,3.0,3.31,3.25,4.2,2.67,3.3,3.67,5.0,3.67,2.0,4.0,4.0,0.0,0.0,0,125
125,2.96,2.67,3.33,4.0,0.5,2.75,1.0,4.0,2.0,3.5,5.0,1.0,0.5,4.0,5.0,0.0,4,126
126,4.36,4.2,4.6,4.3,4.5,4.7,4.33,4.14,4.0,4.22,5.0,4.0,0.0,5.0,4.0,0.0,7,127
127,3.99,3.82,3.86,4.01,3.92,4.12,3.9,4.07,4.08,3.55,4.25,3.5,4.11,4.06,4.5,0.0,7,128
128,3.85,3.6,3.5,3.45,3.18,3.0,3.5,3.57,3.0,0.0,4.5,4.0,2.33,2.0,0.0,0.0,8,129
129,3.5,3.43,3.33,3.26,3.38,3.42,3.09,3.78,3.4,3.6,3.21,3.0,3.5,0.0,4.0,3.0,1,130
130,3.19,3.14,2.91,2.92,2.79,3.13,2.88,3.24,3.1,3.2,3.36,2.8,2.91,3.44,3.88,2.75,4,131
131,3.0,3.0,3.0,2.64,2.57,3.25,3.25,2.67,3.0,3.67,3.67,2.5,3.0,3.0,0.0,0.0,0,132
132,3.79,3.58,3.11,3.47,3.42,3.33,3.5,3.75,3.67,3.5,4.5,4.0,3.4,3.5,0.0,0.0,0,133
133,3.76,3.52,3.66,3.42,3.5,3.63,3.51,3.63,3.91,3.75,3.88,3.82,4.0,4.11,3.0,4.5,1,134
134,3.66,3.48,3.16,3.15,3.17,3.78,2.62,3.61,3.44,4.2,4.0,3.11,3.0,3.5,0.0,0.0,0,135
135,4.04,3.67,3.9,3.73,3.89,3.89,3.56,3.78,4.04,4.18,4.21,3.77,3.8,4.0,4.1,4.42,1,136
136,3.4,1.83,4.06,3.75,4.08,4.0,4.0,1.67,3.33,0.5,1.5,0.0,4.17,0.0,0.0,0.0,8,137
137,2.15,1.95,2.03,2.22,2.42,1.88,2.02,2.18,2.42,2.09,2.55,1.59,2.47,2.5,0.0,0.0,8,138
138,3.59,3.39,3.34,3.47,3.52,3.63,3.42,3.54,3.37,3.26,3.8,3.5,3.16,3.58,3.5,3.5,1,139
139,3.74,3.5,3.49,3.49,3.68,3.52,3.61,3.55,3.72,3.33,3.33,3.33,3.79,3.31,2.5,0.0,7,140
140,3.89,3.74,4.11,3.31,3.78,4.0,3.0,3.89,4.0,4.5,4.67,5.0,4.33,4.33,0.0,0.0,0,141
141,3.28,2.67,3.34,2.17,3.5,3.45,3.12,3.5,3.4,2.0,4.5,1.0,3.82,3.33,0.0,5.0,6,142
142,3.8,3.48,3.46,3.42,3.67,3.71,3.0,3.71,3.78,4.0,3.67,3.92,4.08,4.38,0.0,3.5,6,143
143,3.44,3.56,3.38,2.88,3.27,3.33,2.75,3.57,4.5,5.0,4.0,0.0,4.33,4.0,0.0,0.0,0,144
144,3.46,2.86,3.12,2.1,3.5,3.25,2.88,3.0,3.4,3.6,3.0,3.33,3.75,0.0,0.0,0.0,5,145
145,2.93,3.5,3.58,3.0,4.75,2.86,4.5,4.33,3.0,0.0,2.75,4.5,3.0,3.0,0.0,0.0,8,146
146,3.75,3.58,3.71,3.56,3.66,4.12,3.65,2.5,3.7,3.17,4.25,0.0,3.71,4.1,0.0,0.0,0,147
147,2.86,2.83,2.8,2.77,2.5,4.0,2.75,2.33,2.0,2.5,5.0,3.83,3.33,0.0,0.0,0.0,8,148
148,3.5,3.67,3.44,3.6,3.71,3.4,4.67,3.75,3.0,4.0,0.0,0.0,0.0,3.0,0.0,0.0,2,149
149,3.43,3.4,3.71,3.5,3.47,4.0,3.75,4.5,3.92,3.0,0.0,3.0,4.2,3.5,0.0,0.0,2,150
150,4.05,4.04,3.75,3.59,3.5,4.0,3.62,4.14,3.17,4.06,4.33,4.5,4.5,3.5,4.0,4.38,1,151
151,2.74,1.83,2.13,0.93,1.35,2.67,1.48,1.7,1.94,3.38,1.61,1.12,1.72,2.56,2.5,1.0,4,152
152,4.0,2.5,4.44,4.18,4.57,5.0,4.73,3.2,4.81,5.0,4.5,0.0,4.62,0.0,0.0,0.0,5,153
153,3.29,3.57,3.54,3.75,3.67,4.0,4.0,3.57,3.2,0.0,4.0,4.0,3.57,3.0,0.0,0.0,8,154
154,3.82,3.78,3.52,3.29,3.58,3.75,3.3,3.88,3.64,3.99,3.88,3.5,3.32,3.75,4.67,3.83,1,155
155,3.67,4.33,3.23,3.4,3.5,2.5,3.0,4.33,3.5,3.5,5.0,0.0,4.0,0.0,0.0,0.0,5,156
156,3.36,3.6,3.2,3.71,3.38,3.0,4.0,3.6,3.0,4.0,0.0,3.7,0.0,0.0,0.0,4.0,3,157
157,3.18,2.88,3.42,3.44,3.71,3.19,2.42,1.83,3.96,4.0,3.67,0.0,3.81,3.4,0.0,0.0,0,158
158,3.19,2.46,2.75,2.28,2.29,2.84,2.48,3.2,2.82,3.0,3.61,2.34,3.62,3.69,5.0,0.0,4,159
159,3.72,3.83,3.86,3.88,4.21,3.25,4.08,4.67,3.56,4.0,0.0,4.0,4.27,4.07,0.0,4.5,6,160
160,4.26,4.0,4.0,4.0,4.0,4.14,4.0,4.44,3.0,4.0,4.67,0.0,4.0,4.0,0.0,0.0,0,161
161,3.0,3.0,3.08,2.8,2.0,3.14,2.5,2.5,2.0,3.0,0.0,3.0,0.0,0.0,3.0,0.0,4,162
162,4.33,4.23,3.4,4.34,4.28,3.75,4.25,3.67,3.5,0.0,5.0,4.0,0.0,0.0,0.0,0.0,3,163
163,3.29,3.68,3.45,3.72,3.88,3.67,3.6,3.53,3.75,4.0,3.5,3.5,4.0,4.0,0.0,0.0,0,164
164,4.17,4.01,4.07,3.99,4.08,4.21,4.03,4.2,4.03,3.98,4.14,3.75,4.5,4.5,4.67,4.0,1,165
165,3.18,3.1,3.38,3.45,3.82,2.87,3.44,3.43,3.9,3.5,2.75,2.95,3.92,3.34,4.5,0.0,7,166
166,4.57,4.48,4.26,4.53,4.2,4.37,2.25,4.64,4.4,4.74,4.58,3.0,4.5,4.5,4.75,4.75,1,167
167,4.39,3.82,4.22,3.86,4.09,4.27,3.84,4.11,4.36,4.17,4.35,3.75,4.33,4.42,0.0,4.33,6,168
168,3.62,3.16,3.12,3.28,3.17,3.75,3.33,3.29,2.6,3.0,4.0,4.0,3.2,3.2,0.0,0.0,0,169
169,4.68,4.68,4.61,4.57,4.64,4.5,4.7,4.78,4.4,4.75,4.5,4.67,4.75,4.5,0.0,0.0,0,170
170,3.83,3.7,4.0,3.7,3.75,5.0,3.88,3.83,3.9,4.5,3.67,3.75,3.5,3.5,0.0,0.0,0,171
171,3.73,2.83,3.5,3.12,3.43,3.71,3.5,2.33,3.0,0.0,4.33,3.0,3.0,3.0,0.0,0.0,8,172
172,3.69,3.75,3.61,3.75,3.68,3.93,3.45,3.44,3.4,3.6,3.0,3.5,3.5,3.5,0.0,0.0,0,173
173,4.25,4.19,3.42,4.11,4.07,4.25,4.2,3.86,3.0,5.0,4.5,5.0,3.0,3.0,0.0,0.0,0,174
174,3.59,3.27,3.29,3.13,3.21,3.52,3.08,3.48,3.38,3.57,3.59,3.03,3.54,3.62,3.11,3.83,1,175
175,4.37,4.19,3.98,3.89,3.75,4.08,4.1,4.25,3.62,4.42,4.56,4.33,2.88,2.0,0.0,3.75,6,176
176,4.18,3.97,3.57,3.81,3.72,4.11,3.89,3.71,3.75,3.5,5.0,3.67,4.0,4.0,0.0,0.0,0,177
177,3.64,3.33,3.39,3.8,3.75,3.5,3.81,4.5,3.57,0.0,3.5,3.25,4.0,0.0,3.5,0.0,8,178
178,3.18,3.04,2.92,2.75,3.06,3.04,2.5,2.8,3.0,3.2,3.17,2.75,3.5,3.33,0.0,0.0,0,179
179,3.87,3.29,3.45,3.09,3.12,3.65,3.07,3.68,3.33,3.77,3.96,3.19,3.58,3.6,4.23,3.27,1,180
180,4.06,3.81,3.5,3.91,3.75,4.33,3.47,3.67,3.0,4.0,4.25,3.5,0.0,4.0,0.0,0.0,0,181
181,3.98,3.76,3.57,3.54,3.51,4.17,3.82,4.04,3.35,4.12,4.0,3.1,3.43,0.0,0.0,4.44,6,182
182,3.59,4.0,3.35,3.67,3.5,3.57,2.5,3.2,3.25,4.33,3.0,1.5,3.46,3.75,0.0,0.0,0,183
183,4.07,4.05,4.1,4.05,4.12,4.1,4.09,4.06,4.14,4.33,4.0,4.1,4.12,4.29,4.0,4.0,1,184
184,3.91,3.61,3.63,3.37,3.27,3.4,3.21,3.86,4.21,4.13,3.88,4.2,4.17,4.25,4.44,4.03,1,185
185,4.35,4.22,4.3,4.0,5.0,4.29,3.0,4.0,4.75,4.22,5.0,0.0,4.5,4.71,5.0,0.0,7,186
186,4.23,4.17,4.0,4.11,4.0,4.0,4.25,4.11,4.0,4.25,4.25,4.0,4.25,0.0,0.0,0.0,5,187
187,4.03,3.72,3.79,3.73,4.17,3.89,3.56,3.88,4.42,4.0,4.25,0.0,3.8,3.5,4.0,3.5,1,188
188,4.06,3.67,3.71,2.47,2.69,3.59,2.33,3.93,4.5,3.0,3.25,0.0,4.67,0.0,5.0,5.0,1,189
189,4.0,4.08,4.0,4.27,4.5,4.67,4.25,3.8,3.0,3.5,4.0,3.0,0.0,0.0,0.0,0.0,3,190
190,4.02,4.0,3.06,3.61,3.75,3.57,4.07,3.94,3.5,4.5,3.5,4.25,4.0,0.0,0.0,0.0,5,191
191,3.62,3.38,3.41,3.57,3.83,3.19,3.5,3.5,0.0,3.5,4.33,3.5,2.0,2.83,3.5,0.0,4,192
192,3.63,3.38,3.63,3.27,3.3,3.8,3.59,3.6,2.78,3.55,3.43,3.25,2.33,2.0,3.0,0.0,7,193
193,3.94,3.91,3.25,4.11,4.0,0.0,3.86,4.3,2.5,3.25,3.17,3.75,4.5,5.0,0.0,0.0,0,194
194,3.82,3.79,3.82,3.88,3.5,4.17,4.38,3.67,0.0,3.5,3.0,2.5,0.0,0.0,0.0,0.0,3,195
195,3.72,3.48,3.29,3.33,3.61,3.69,3.38,3.7,3.45,3.3,4.17,2.76,4.0,4.0,3.5,0.0,7,196
196,3.5,3.22,3.39,3.37,3.7,3.16,3.05,3.58,3.23,3.36,4.06,3.23,1.0,2.25,4.25,3.1,1,197
197,3.8,3.85,3.83,3.81,3.76,3.83,3.65,4.05,3.65,4.35,3.77,3.88,3.33,4.12,4.67,4.0,1,198
198,4.35,3.88,4.21,4.08,4.25,4.18,4.03,3.67,4.07,4.2,5.0,3.57,4.6,4.0,1.0,0.0,0,199
199,3.86,3.76,3.83,3.71,3.87,3.8,3.74,3.91,4.0,3.78,4.1,4.0,3.92,3.89,3.83,4.67,1,200
200,4.31,3.94,3.18,3.95,4.03,3.5,3.72,4.15,4.09,4.17,4.75,4.0,3.83,0.0,0.0,0.0,5,201
201,3.97,4.33,3.94,3.7,3.54,3.93,4.09,4.2,3.75,4.32,4.43,3.69,3.68,0.0,3.83,0.0,5,202
202,3.82,3.9,3.88,4.0,3.93,3.25,4.17,4.5,3.8,4.17,4.0,0.0,4.0,2.75,0.0,5.0,6,203
203,4.58,3.44,4.25,3.29,3.62,4.38,3.33,5.0,4.33,3.67,0.0,0.0,4.67,4.0,0.0,0.0,2,204
204,3.17,3.43,2.07,2.75,2.86,3.0,2.67,3.5,2.33,0.0,0.0,3.0,0.0,0.0,0.0,0.0,8,205
205,3.5,3.0,3.0,3.39,3.12,3.33,3.83,2.83,3.0,3.5,4.0,3.0,0.0,0.0,0.0,0.0,3,206
206,4.3,4.29,4.08,4.21,4.29,4.12,4.0,4.67,4.6,4.58,4.5,3.0,4.0,0.0,0.0,0.0,5,207
207,3.89,3.86,3.9,4.14,4.23,4.44,4.2,3.25,3.99,4.33,4.75,3.33,4.11,0.0,0.0,0.0,5,208
208,4.07,3.79,3.98,3.89,3.85,3.88,3.73,4.22,3.88,3.68,4.0,3.5,3.9,4.12,4.0,0.0,7,209
209,3.61,3.44,3.61,3.5,3.57,3.62,3.44,3.64,3.73,3.53,3.4,3.43,3.74,3.75,4.0,0.0,7,210
210,3.96,3.73,3.83,3.93,3.78,4.09,3.88,3.88,3.72,3.5,3.88,3.46,4.0,5.0,0.0,0.0,0,211
211,3.0,2.83,2.75,2.8,2.83,2.75,2.75,3.0,2.8,3.0,0.0,0.0,3.0,3.0,0.0,0.0,2,212
212,4.08,3.58,3.83,3.95,4.06,3.94,3.75,3.8,3.94,4.0,4.19,2.5,0.0,0.0,4.0,5.0,1,213
213,3.68,3.46,3.63,3.35,3.45,3.9,3.0,3.82,3.59,4.0,3.4,3.0,3.5,3.76,4.33,5.0,1,214
214,2.84,2.92,2.64,2.84,2.95,2.59,2.91,2.89,2.68,3.06,2.62,2.76,3.12,2.8,3.0,0.0,4,215
215,3.67,2.92,3.45,3.12,3.11,3.67,2.75,3.83,3.0,3.12,4.0,3.75,0.0,3.25,4.5,0.0,4,216
216,3.39,3.27,3.09,3.1,3.16,3.02,3.02,3.44,2.98,3.79,3.42,3.02,3.54,3.39,4.19,3.75,1,217
217,4.11,3.76,4.03,3.79,3.92,4.23,3.9,4.31,4.02,3.95,3.86,3.6,4.15,4.31,0.0,4.0,6,218
218,4.23,4.13,3.95,3.74,3.83,4.19,3.84,4.24,4.24,4.4,4.24,4.25,4.12,3.83,4.44,4.42,1,219
219,3.23,3.13,3.08,3.19,3.19,2.93,3.3,3.25,3.15,3.17,3.43,2.5,3.0,3.3,3.0,2.75,1,220
220,3.23,3.08,3.32,3.46,3.54,3.65,3.42,3.46,3.43,3.56,3.25,2.0,3.81,3.67,4.0,4.0,1,221
221,4.33,3.5,4.5,3.29,3.57,4.31,3.25,4.33,4.75,5.0,4.0,2.5,4.0,0.0,0.0,0.0,5,222
222,3.62,3.77,3.71,3.7,3.83,3.79,3.5,3.83,3.88,3.57,1.0,3.5,3.5,3.5,0.0,0.0,2,223
223,3.6,3.42,3.52,3.46,3.52,3.35,3.4,3.67,3.47,3.46,3.59,2.88,3.29,3.24,0.0,4.17,6,224
224,4.28,4.33,4.44,4.09,4.02,4.1,4.15,4.3,4.0,4.22,4.32,4.5,4.25,4.25,4.0,4.0,1,225
225,3.58,3.88,2.75,3.82,3.56,3.0,4.05,4.0,4.0,4.25,4.0,4.0,3.5,0.0,0.0,0.0,5,226
226,3.93,3.73,3.61,3.7,3.77,3.85,3.6,3.79,3.5,4.0,4.33,3.5,4.5,4.0,0.0,0.0,0,227
227,2.54,3.1,2.89,3.14,3.24,2.62,3.06,2.76,3.08,2.81,2.25,2.75,2.71,2.4,0.0,0.0,8,228
228,3.44,4.33,3.25,4.41,3.93,3.5,4.17,4.43,3.0,0.0,2.0,4.33,0.0,0.0,0.0,0.0,3,229
229,3.49,3.29,3.08,3.32,3.16,3.27,3.26,3.44,3.11,3.33,3.92,2.92,2.99,3.13,4.5,3.3,1,230
230,3.46,3.21,3.25,3.11,3.12,3.58,2.94,3.56,3.2,3.28,3.46,4.0,3.6,3.25,3.0,3.25,1,231
231,3.8,3.75,3.46,3.47,3.56,3.9,3.74,3.68,3.51,3.75,2.8,4.2,3.8,4.1,0.0,0.0,0,232
232,3.93,3.63,3.42,3.38,3.47,3.89,3.29,3.75,3.5,3.33,4.25,5.0,4.0,4.0,0.0,4.0,6,233
233,4.4,3.86,4.06,5.0,5.0,4.33,3.67,4.67,4.33,4.33,0.0,3.5,0.0,4.0,0.0,0.0,2,234
234,3.5,3.52,3.0,3.39,3.07,3.19,3.59,3.39,2.83,3.5,3.12,3.5,3.0,0.0,0.0,0.0,5,235
235,3.58,4.06,3.67,3.88,2.6,4.25,2.0,4.0,0.0,4.25,4.17,3.0,0.0,0.0,4.0,0.0,3,236
236,4.17,4.01,3.85,4.0,3.96,3.99,3.91,4.28,3.93,4.18,4.47,3.5,3.93,3.75,3.75,4.12,1,237
237,3.71,3.83,4.07,3.93,3.87,3.67,4.05,3.33,4.0,3.25,4.2,4.17,3.7,3.62,0.0,0.0,0,238
238,3.97,3.77,4.08,3.8,3.93,4.1,4.1,3.88,3.5,3.78,3.67,3.33,4.0,4.12,0.0,0.0,0,239
239,3.62,3.94,3.25,3.2,3.27,3.25,3.6,3.56,3.0,5.0,3.5,5.0,3.0,3.0,0.0,0.0,0,240
240,4.25,4.47,3.92,4.22,4.18,4.0,4.0,4.11,3.8,5.0,4.25,0.0,3.33,3.33,0.0,0.0,0,241
241,3.59,3.48,4.11,3.64,3.88,3.8,3.71,3.28,3.83,3.25,4.07,4.0,0.0,0.0,3.0,0.0,3,242
242,2.4,1.75,3.2,0.0,4.0,2.33,0.0,2.25,4.0,1.0,3.0,0.0,3.33,0.0,0.0,3.17,8,243
243,4.26,4.21,4.27,4.26,4.33,4.37,4.2,4.06,4.36,4.48,4.7,4.43,4.6,3.8,4.83,0.0,7,244
244,3.9,3.82,3.74,3.71,3.66,3.34,3.56,3.88,3.76,4.13,4.12,4.17,3.8,3.45,3.0,0.0,7,245
245,3.38,3.83,3.96,3.77,3.73,4.0,3.73,3.33,3.75,4.25,0.0,0.0,3.69,0.0,0.0,3.5,2,246
246,3.9,3.64,3.58,3.71,3.72,3.67,3.73,3.83,3.64,3.76,3.88,3.32,3.82,3.82,4.5,3.8,1,247
247,4.56,4.0,3.57,3.75,4.0,4.57,3.75,4.5,4.5,4.0,4.5,4.5,4.12,4.5,0.0,0.0,0,248
248,4.8,4.94,5.0,5.0,5.0,5.0,5.0,4.94,5.0,5.0,5.0,5.0,4.17,0.0,0.0,5.0,6,249
249,4.32,4.0,4.3,3.86,4.19,4.3,3.86,3.5,4.25,4.0,0.0,0.0,4.39,4.38,0.0,0.0,2,250
250,4.4,4.5,4.41,3.25,4.0,4.33,3.83,4.7,4.7,4.2,5.0,0.0,4.62,4.75,4.5,4.31,1,251
251,4.05,3.92,3.87,3.84,3.93,3.89,3.67,4.17,4.1,4.11,4.57,4.19,4.5,4.25,4.75,4.12,1,252
252,1.4,3.0,2.75,4.17,2.71,1.57,3.5,2.4,1.5,1.0,5.0,3.0,2.4,2.8,0.0,1.0,8,253
253,3.99,4.01,3.87,4.0,3.9,4.0,3.93,4.2,3.42,4.08,4.12,4.06,3.5,4.0,0.0,4.0,6,254
254,3.83,3.62,3.0,3.61,3.4,3.0,4.0,3.08,3.5,4.0,0.0,0.0,3.5,3.75,0.0,0.0,2,255
255,4.54,4.14,5.0,3.7,3.65,5.0,3.5,5.0,4.08,4.5,2.25,4.5,4.8,0.0,0.0,0.0,5,256
256,3.21,2.5,3.93,2.06,2.58,3.44,3.08,4.0,2.92,5.0,0.0,0.0,4.0,5.0,0.0,0.0,2,257
257,3.64,3.84,3.85,3.72,3.69,3.52,3.67,3.77,3.83,3.83,4.5,3.5,4.03,4.25,3.0,3.69,1,258
258,4.27,4.15,3.31,3.76,3.17,5.0,4.46,4.03,2.0,4.28,3.8,0.0,1.5,1.0,0.0,0.0,3,259
259,3.26,2.93,2.96,3.2,3.25,2.85,4.5,3.4,2.8,3.0,0.0,3.5,2.5,2.5,3.0,0.0,2,260
260,3.82,3.48,3.66,3.54,3.68,3.78,3.72,3.73,3.82,3.75,4.14,3.33,4.08,3.88,4.0,3.58,1,261
261,3.58,3.13,3.73,3.23,3.53,3.67,3.47,4.0,4.0,3.08,3.57,3.4,3.4,3.44,0.0,0.0,0,262
262,3.27,3.42,3.36,3.59,3.86,3.27,3.49,3.33,3.0,3.67,3.6,2.42,0.0,3.0,0.0,0.0,3,263
263,3.54,3.67,3.37,3.72,3.66,2.53,3.62,3.92,3.45,3.33,4.67,3.1,2.8,3.22,4.0,3.0,1,264
264,3.8,4.33,4.21,4.26,4.24,4.71,4.4,4.0,3.67,3.5,3.0,4.12,0.0,5.0,0.0,0.0,0,265
265,3.27,2.89,3.37,3.0,3.26,3.05,3.33,3.35,3.29,3.9,2.62,3.33,0.0,3.5,4.25,2.0,4,266
266,4.0,3.57,3.67,3.18,3.62,4.2,3.25,3.8,4.67,3.5,0.0,5.0,4.5,4.0,0.0,0.0,2,267
267,3.83,3.07,2.94,2.93,3.36,3.4,3.0,3.5,3.8,3.33,0.0,0.0,5.0,5.0,0.0,0.0,2,268
268,3.35,3.23,3.5,2.67,3.3,3.2,3.09,2.93,2.75,3.25,4.0,3.25,3.0,3.5,4.0,0.0,7,269
269,3.62,3.72,3.75,3.64,3.33,2.75,3.69,4.1,2.67,4.0,3.5,3.5,3.67,0.0,0.0,0.0,5,270
270,3.95,4.0,3.97,3.75,3.9,4.07,4.33,4.0,4.17,5.0,4.0,3.25,4.67,4.6,0.0,0.0,0,271
271,3.43,3.26,3.14,3.25,3.22,3.14,3.24,3.43,3.12,3.37,3.65,3.2,3.32,3.29,3.93,3.5,1,272
272,4.13,4.32,4.0,3.95,3.87,4.03,3.76,4.36,4.08,4.56,4.38,3.5,3.77,4.0,4.33,4.4,1,273
273,3.0,4.0,3.36,3.85,3.75,3.33,4.0,3.0,3.4,5.0,0.0,0.0,3.5,3.0,0.0,0.0,2,274
274,4.33,3.83,3.45,4.5,3.0,3.33,3.5,4.33,0.0,4.17,4.75,3.0,5.0,3.0,0.0,0.0,0,275
275,3.67,3.71,3.49,3.65,3.7,3.28,3.76,3.7,3.5,3.6,3.5,4.25,2.5,3.0,3.5,0.0,7,276
276,4.22,4.26,3.7,3.76,3.79,3.93,3.5,4.25,3.82,4.05,4.17,4.17,4.25,4.05,0.0,5.0,6,277
277,3.05,2.38,3.45,3.25,3.38,3.07,3.0,3.0,4.25,1.0,4.5,0.0,2.5,2.75,0.0,0.0,8,278
278,4.2,3.97,3.89,3.96,4.11,3.97,4.23,4.11,4.23,3.97,4.19,3.67,4.43,4.2,0.0,3.5,6,279
279,3.75,3.33,3.04,4.0,4.0,3.0,4.0,3.43,3.0,0.0,5.0,3.5,2.5,0.0,0.0,0.0,8,280
280,3.31,3.69,3.66,3.66,3.74,3.75,4.0,3.4,3.5,4.0,5.0,0.0,4.5,4.5,0.0,0.0,0,281
281,3.98,4.28,3.68,3.75,0.0,3.79,0.0,4.36,0.0,4.5,4.0,4.25,0.0,3.5,5.0,0.0,4,282
282,3.95,4.01,3.4,3.74,3.66,3.41,3.36,4.0,3.85,3.94,4.2,3.95,4.33,3.83,5.0,0.0,7,283
283,3.15,2.2,2.69,1.85,2.45,2.63,2.36,2.89,2.91,2.29,3.17,1.59,1.81,2.56,4.0,4.25,4,284
284,3.31,3.03,3.17,3.04,3.15,3.21,3.06,3.37,3.21,3.02,3.33,2.66,3.24,3.24,3.83,3.5,1,285
285,3.85,3.17,3.59,3.12,3.5,2.83,3.25,4.17,3.67,0.0,4.25,3.25,3.5,3.5,0.0,3.5,6,286
286,4.24,3.95,3.98,4.12,4.31,4.27,3.95,4.26,4.08,4.26,4.57,3.73,4.14,4.45,4.3,4.2,1,287
287,4.0,4.2,3.6,4.33,4.26,5.0,4.44,4.5,4.19,4.67,4.0,0.0,3.71,0.0,0.0,0.0,5,288
288,3.14,3.37,3.09,3.5,3.63,3.26,3.45,3.32,3.47,3.28,3.6,2.56,3.61,3.38,0.0,2.75,6,289
289,3.0,2.62,2.44,2.57,2.67,3.0,3.0,2.8,2.5,3.0,3.0,2.67,2.5,2.0,3.0,0.0,4,290
290,2.9,2.66,2.56,2.64,2.59,2.45,2.79,2.82,2.8,2.64,3.3,3.15,2.67,2.53,2.33,4.0,4,291
291,4.09,3.67,4.1,3.22,3.0,4.5,2.75,4.1,5.0,4.21,5.0,2.75,0.0,0.0,3.5,0.0,3,292
292,4.67,4.79,4.83,3.41,2.94,5.0,2.57,4.92,3.9,5.0,4.75,0.0,4.67,0.0,0.0,4.5,6,293
293,2.73,2.53,2.86,2.26,1.9,2.0,1.62,3.33,1.0,2.71,2.5,2.2,0.0,0.0,3.0,0.0,4,294
294,2.45,2.5,2.2,2.53,2.57,1.94,2.71,2.7,2.37,2.64,2.6,2.36,2.8,2.62,3.62,2.95,4,295
295,4.2,3.62,4.0,3.69,3.57,3.0,3.4,3.5,2.5,3.0,4.0,3.75,0.0,0.0,0.0,0.0,3,296
296,4.35,4.23,4.33,4.0,5.0,4.38,4.2,4.19,5.0,3.62,4.5,3.5,0.0,0.0,4.0,0.0,3,297
297,3.76,3.09,3.23,2.66,3.1,3.33,2.71,3.9,3.11,3.57,3.0,0.75,3.67,3.5,0.0,0.0,2,298
298,4.27,3.81,4.14,3.83,4.0,4.0,4.2,4.0,0.0,3.5,4.0,0.0,0.0,0.0,0.0,0.0,3,299
299,3.29,4.0,3.46,4.26,4.2,2.75,4.24,3.0,3.0,3.67,3.0,3.8,0.0,0.0,0.0,0.0,3,300
300,3.98,3.84,3.76,3.84,3.98,3.89,4.1,3.61,3.74,3.89,4.21,3.5,3.86,3.64,0.0,0.0,0,301
301,4.0,3.88,4.04,3.83,3.65,3.8,3.76,4.17,3.48,3.76,4.42,4.05,3.93,4.14,4.25,0.0,7,302
302,3.06,2.97,3.42,3.4,3.52,3.37,3.28,3.94,3.28,3.17,0.0,3.02,3.57,3.42,0.0,0.0,2,303
303,2.97,2.69,2.55,2.84,3.05,2.63,2.83,3.1,2.93,2.87,3.24,2.07,3.29,2.95,3.5,2.6,4,304
304,2.19,1.5,2.58,2.03,3.33,2.78,2.71,1.27,3.71,1.25,1.17,0.75,3.17,3.38,0.0,2.0,8,305
305,3.85,3.58,4.04,3.94,3.92,3.89,3.29,3.81,3.67,3.5,4.09,2.88,4.0,4.5,3.88,0.0,7,306
306,3.79,2.72,3.37,3.13,3.08,3.5,3.5,3.18,3.5,3.83,4.64,2.0,4.33,3.5,0.0,4.0,6,307
307,2.43,2.62,1.46,2.4,3.12,1.94,3.0,2.5,1.67,1.5,1.75,2.75,3.0,2.0,0.0,0.0,8,308
308,3.91,3.53,3.5,3.53,3.69,3.74,3.6,3.87,3.81,3.56,4.32,3.44,0.0,3.4,4.2,5.0,1,309
309,3.61,3.71,2.93,3.48,3.43,3.34,3.39,3.63,3.23,3.63,3.64,3.77,2.94,2.44,3.25,0.0,7,310
310,3.4,2.71,3.06,2.82,2.84,3.36,2.96,3.0,3.21,3.0,3.71,2.83,3.12,3.17,0.0,0.0,0,311
311,3.78,2.33,3.38,3.0,3.14,4.0,2.6,4.0,3.33,0.0,3.67,2.33,3.0,3.2,0.0,0.0,8,312
312,3.07,3.18,2.94,2.86,2.67,2.43,3.36,3.22,2.83,3.3,0.0,3.0,2.17,2.7,3.5,3.0,4,313
313,3.78,3.73,3.69,3.6,3.14,4.09,3.47,3.92,3.0,3.83,3.94,3.64,3.0,4.0,3.4,3.83,1,314
314,3.83,3.62,3.81,3.55,3.57,3.7,3.54,3.76,3.58,3.69,3.85,3.37,3.74,3.59,3.87,4.02,1,315
315,4.53,4.75,4.15,4.38,4.32,4.25,4.33,4.79,4.08,4.75,4.5,0.0,4.5,4.5,0.0,0.0,0,316
316,3.0,3.5,3.58,3.53,3.62,3.5,3.69,3.75,3.75,4.0,0.0,4.0,3.6,0.0,0.0,4.0,6,317
317,3.82,3.58,3.5,3.71,3.87,3.56,3.78,3.62,3.71,3.67,4.0,3.5,3.33,3.33,0.0,0.0,0,318
318,3.49,3.77,3.34,3.4,3.45,3.45,3.18,3.47,3.04,3.83,3.9,3.0,2.88,2.75,3.5,4.0,1,319
319,3.3,3.2,3.31,2.9,3.2,3.22,2.85,3.34,3.25,3.25,3.38,2.9,3.75,3.88,0.0,0.0,0,320
320,3.17,3.0,3.09,4.0,3.0,3.25,3.5,3.4,3.0,0.0,0.0,0.0,0.0,4.0,0.0,0.0,8,321
321,3.83,3.46,3.34,3.14,3.34,3.23,3.54,3.76,3.5,3.62,3.62,3.65,3.33,3.36,4.44,2.0,1,322
322,4.09,4.01,3.78,4.1,4.14,4.11,4.14,4.19,3.36,3.38,4.35,3.62,0.0,5.0,3.0,4.5,1,323
323,4.23,3.6,4.23,3.14,3.21,4.69,4.25,3.71,3.0,4.0,5.0,3.9,3.12,2.0,0.0,0.0,0,324
324,3.22,3.01,3.27,3.11,3.24,2.99,3.06,3.21,3.5,2.86,3.38,3.42,3.17,3.18,2.0,3.0,1,325
325,3.46,2.93,3.11,1.25,2.5,0.0,0.5,2.25,2.75,2.67,3.0,3.5,0.0,5.0,3.0,0.0,4,326
326,3.83,3.52,3.65,3.51,3.68,3.65,3.41,3.75,3.72,3.85,3.96,4.16,3.96,3.96,0.0,0.0,0,327
327,4.06,3.69,3.61,3.39,3.37,3.36,3.37,3.99,3.29,3.71,3.67,3.83,3.25,3.17,5.0,2.5,1,328
328,3.78,3.49,3.62,3.4,3.53,3.7,3.21,3.82,3.46,3.92,3.76,3.57,3.77,3.64,3.88,4.0,1,329
329,3.3,1.75,2.58,3.2,2.5,3.75,1.5,3.0,1.0,0.0,3.0,2.0,2.0,0.0,0.0,0.0,8,330
330,3.43,3.18,3.53,3.43,3.53,3.6,3.48,3.47,3.58,2.93,3.1,2.95,3.7,3.22,0.0,3.5,6,331
331,3.83,4.44,3.17,4.3,4.67,3.75,4.0,3.93,0.0,5.0,3.67,3.0,0.0,0.0,0.0,0.0,3,332
332,4.4,4.37,4.15,4.26,4.19,4.2,5.0,4.44,4.0,4.43,4.14,4.25,3.88,2.5,4.0,0.0,7,333
333,4.23,4.36,3.77,4.52,4.36,4.43,4.5,4.15,4.4,4.5,4.33,4.0,4.0,4.0,0.0,0.0,0,334
334,3.53,3.5,2.86,2.38,2.28,2.75,2.25,4.09,2.67,3.4,3.67,3.33,1.5,0.0,0.0,2.0,3,335
335,4.23,4.22,3.94,3.75,3.74,4.18,3.97,4.3,3.37,4.19,4.27,4.16,3.97,3.17,4.5,4.2,1,336
336,4.25,4.2,3.75,4.19,4.45,3.5,4.38,4.12,4.0,4.0,4.0,4.0,4.0,4.0,0.0,0.0,0,337
337,3.91,3.9,3.72,3.75,3.88,3.69,3.45,4.0,3.88,5.0,4.0,4.0,4.0,3.0,0.0,0.0,0,338
338,3.08,3.28,2.91,3.18,3.0,2.78,2.44,3.25,2.4,3.0,0.0,2.62,3.0,0.0,0.0,0.0,2,339
339,4.15,4.25,3.85,3.77,3.87,3.86,3.89,4.12,3.75,4.0,5.0,3.62,3.5,0.0,4.0,4.33,1,340
340,3.38,3.45,4.08,4.23,4.39,3.96,4.13,3.64,4.19,2.9,3.88,1.6,4.5,4.5,1.5,0.0,0,341
341,3.93,3.72,3.87,3.93,3.75,4.02,3.94,3.75,4.17,3.7,4.25,3.79,0.0,4.0,0.0,0.0,0,342
342,3.73,3.68,3.4,3.36,3.33,3.77,3.25,3.64,3.55,3.75,3.9,3.85,4.0,3.5,3.83,4.0,1,343
343,3.6,3.5,3.72,3.35,3.65,3.75,3.33,3.0,4.0,3.25,3.33,4.0,4.25,4.0,0.0,0.0,0,344
344,4.71,4.84,4.65,4.56,4.55,4.88,4.88,4.79,4.7,4.67,4.64,4.67,0.0,4.5,0.0,4.0,6,345
345,3.75,3.79,3.69,3.9,3.43,3.82,3.5,4.0,3.25,0.0,4.0,4.0,3.67,3.67,0.0,0.0,8,346
346,3.12,3.31,3.17,3.4,3.4,3.0,3.78,3.0,3.17,3.5,0.0,3.0,3.33,3.0,0.0,0.0,2,347
347,3.82,3.66,3.48,3.6,3.58,3.71,3.59,3.96,3.41,3.58,4.0,3.3,3.5,4.0,4.0,0.0,7,348
348,3.94,3.75,3.42,3.57,3.79,3.6,3.79,3.79,3.59,4.05,4.67,3.95,3.71,3.17,3.0,0.0,7,349
349,3.79,3.88,3.32,3.15,3.28,3.12,2.91,3.77,3.5,4.0,3.5,3.71,4.0,3.67,0.0,5.0,6,350
350,3.83,3.75,3.6,3.69,3.5,3.86,3.67,3.97,3.64,3.89,3.67,3.75,3.11,3.5,4.5,3.67,1,351
351,3.67,4.33,3.57,4.11,3.9,4.14,4.0,4.0,3.0,5.0,3.0,0.0,3.0,5.0,0.0,0.0,0,352
352,4.06,3.99,4.06,3.84,3.88,4.09,4.07,4.17,3.61,4.04,4.0,4.38,3.95,4.04,4.25,0.0,7,353
353,4.08,3.91,3.8,3.88,3.95,3.9,3.79,4.0,4.04,4.19,4.14,3.98,4.02,4.01,3.75,4.25,1,354
354,3.63,2.17,2.97,2.0,2.92,3.84,4.0,0.5,4.0,3.25,2.75,2.5,4.0,2.25,0.0,0.75,8,355
355,3.83,3.3,3.2,2.81,3.3,3.71,2.94,3.71,3.44,3.62,4.75,2.75,4.25,2.67,0.0,0.0,0,356
356,3.46,3.41,2.83,3.25,0.0,2.0,1.75,4.17,5.0,4.14,5.0,2.5,0.0,0.0,5.0,0.0,4,357
357,3.09,3.21,3.38,3.24,3.09,3.16,2.82,3.15,3.21,3.5,3.21,2.5,3.0,3.0,2.0,0.0,0,358
358,4.34,4.23,4.07,4.19,4.25,4.14,4.21,4.31,4.45,4.17,4.42,4.29,4.1,4.33,4.33,0.0,7,359
359,3.55,2.88,3.6,3.04,3.0,3.33,2.83,3.9,2.83,4.0,0.0,2.5,2.0,0.0,0.0,0.0,2,360
360,4.2,4.31,4.67,4.08,4.2,3.5,3.8,5.0,5.0,3.67,0.0,0.0,4.0,4.0,0.0,0.0,2,361
361,2.52,2.25,3.04,2.78,2.74,2.53,2.75,2.8,2.79,2.0,2.9,2.24,2.46,2.3,0.0,1.25,8,362
362,4.19,3.91,3.4,3.86,3.9,3.5,3.64,4.1,4.38,4.0,4.25,0.0,3.75,0.0,3.0,0.0,5,363
363,4.0,4.13,3.74,3.91,4.03,3.81,4.2,4.18,4.05,4.0,4.0,4.0,3.86,3.91,4.0,0.0,7,364
364,3.1,2.81,2.73,2.66,2.79,2.85,2.66,2.88,2.43,2.94,3.14,2.73,0.0,2.75,3.5,0.0,4,365
365,3.53,3.5,3.48,3.26,3.22,3.38,3.33,3.62,3.22,3.77,3.33,4.0,3.75,3.08,0.0,3.25,6,366
366,3.73,3.57,3.7,3.41,3.28,3.67,3.11,3.5,3.46,3.78,3.5,3.8,3.4,0.0,3.0,3.5,1,367
367,4.8,4.68,4.5,4.43,4.55,4.75,4.71,4.4,4.54,4.6,0.0,4.62,4.67,4.25,5.0,0.0,7,368
368,3.33,3.43,3.2,3.67,3.43,3.58,3.38,3.51,3.17,3.53,3.79,3.56,2.5,2.92,2.5,3.0,1,369
369,3.81,3.43,2.56,2.57,2.62,3.0,2.69,3.56,3.15,3.62,3.6,4.0,4.5,5.0,0.0,0.0,0,370
370,3.8,3.81,4.25,3.6,3.53,3.75,3.67,3.5,3.75,5.0,4.33,4.0,3.0,3.0,0.0,0.0,0,371
371,4.28,3.69,3.95,3.54,4.06,3.56,3.25,4.33,3.0,4.75,4.5,5.0,3.17,3.0,0.0,0.0,0,372
372,4.13,4.24,3.78,4.06,4.02,3.86,4.11,4.27,4.04,4.38,4.28,3.64,4.35,3.5,4.0,0.0,7,373
373,4.12,4.0,3.55,3.98,4.27,3.57,4.17,3.86,3.95,4.75,4.05,3.86,4.12,3.15,4.0,4.0,1,374
374,4.0,3.89,3.83,3.78,4.11,3.5,4.14,4.03,4.25,4.4,4.0,3.25,4.25,4.5,0.0,0.0,0,375
375,3.82,3.31,2.92,3.33,3.67,3.43,3.6,2.78,2.5,3.0,4.25,3.0,3.0,3.0,0.0,0.0,0,376
376,3.74,3.58,3.64,3.71,3.77,3.52,3.79,3.72,3.64,3.55,4.03,3.44,3.94,3.84,4.67,3.75,1,377
377,3.78,3.55,3.46,3.39,3.48,3.69,3.3,3.67,3.54,3.58,4.05,3.26,3.79,3.74,0.0,3.5,6,378
378,4.15,3.64,3.12,3.48,3.75,3.75,3.44,3.78,3.73,4.0,4.08,2.82,3.62,4.0,0.0,0.0,0,379
379,4.0,3.33,3.69,3.33,3.5,3.89,3.5,3.33,0.0,3.75,4.67,4.0,0.0,0.0,0.0,0.0,3,380
380,3.12,3.29,3.03,2.62,3.91,3.33,2.89,3.85,3.67,3.0,4.0,2.2,4.0,0.0,0.0,0.0,5,381
381,3.37,3.2,3.42,3.36,3.51,3.18,3.66,3.44,3.35,3.25,3.85,3.43,3.33,3.26,3.5,3.5,1,382
382,2.9,2.69,3.05,2.39,2.58,3.0,2.4,2.73,2.0,2.86,3.0,3.2,3.0,3.0,0.0,0.0,8,383
383,3.52,3.37,2.98,3.15,3.19,3.25,3.27,3.45,3.17,3.57,3.59,3.07,3.45,3.0,4.06,3.56,1,384
384,1.0,2.75,4.0,4.17,4.22,3.42,2.0,3.75,3.71,2.0,0.0,0.0,4.19,3.0,0.0,0.0,2,385
385,4.38,4.33,3.67,4.14,4.36,4.33,4.6,4.2,4.33,4.0,0.0,0.0,5.0,0.0,0.0,0.0,2,386
386,3.82,4.0,3.62,3.63,4.12,4.0,3.96,3.45,4.35,3.71,4.38,4.0,4.5,3.83,0.0,4.75,6,387
387,3.89,3.39,3.77,3.24,3.4,3.88,3.32,3.8,4.12,3.8,3.95,3.0,3.92,3.89,4.75,4.33,1,388
388,3.25,2.8,3.2,3.33,3.5,3.14,2.67,2.8,4.0,0.0,0.0,3.0,0.0,0.0,0.0,0.0,8,389
389,3.58,3.63,3.79,3.88,4.38,3.71,3.7,3.77,4.84,3.32,3.62,3.71,4.25,5.0,1.33,5.0,6,390
390,3.38,3.38,2.75,3.0,2.38,3.0,2.0,3.4,2.33,5.0,4.5,0.0,2.0,2.0,0.0,0.0,3,391
391,2.88,3.42,3.18,3.38,2.96,3.17,3.7,3.43,2.77,4.5,3.0,0.0,2.6,2.56,0.0,0.0,2,392
392,3.41,2.65,3.58,1.92,3.83,2.92,1.25,3.64,3.7,2.67,0.0,0.5,4.06,3.5,0.0,0.0,2,393
393,4.25,4.0,3.83,4.25,4.0,4.67,4.0,3.71,0.0,4.0,4.0,0.0,0.0,0.0,3.5,0.0,3,394
394,4.33,3.21,4.35,3.93,4.5,4.33,3.81,3.3,4.69,3.5,0.0,3.5,4.75,5.0,0.0,4.83,6,395
395,3.88,3.69,4.1,3.69,4.42,3.5,3.64,3.57,4.36,2.5,3.88,4.5,4.25,0.0,0.0,0.0,5,396
396,4.59,4.69,4.36,4.42,4.14,4.5,4.29,4.78,4.3,4.7,4.5,4.75,4.5,0.0,0.0,0.0,5,397
397,3.58,4.25,3.49,3.56,3.56,3.59,3.77,3.5,3.53,3.5,3.5,4.5,3.58,3.5,0.0,0.0,0,398
398,3.79,4.17,3.71,4.05,4.09,3.78,4.0,4.0,4.0,3.0,4.0,5.0,4.0,3.67,0.0,0.0,0,399
399,4.0,3.75,3.64,3.59,3.21,3.58,3.3,4.0,3.5,3.8,3.75,3.5,3.0,0.0,0.0,0.0,5,400
400,3.4,3.35,3.42,3.32,3.44,3.42,3.29,3.44,3.0,3.0,3.67,3.33,3.5,3.5,0.0,0.0,0,401
401,4.03,4.15,3.84,4.0,3.89,4.04,3.94,4.05,3.93,4.2,4.17,3.96,3.5,3.0,4.25,0.0,7,402
402,4.19,4.06,3.75,4.17,4.14,2.5,4.07,4.08,4.6,5.0,4.0,0.0,3.17,0.0,0.0,0.0,5,403
403,4.22,4.11,4.01,4.04,4.13,4.39,3.95,4.08,4.11,4.07,4.22,3.0,5.0,3.83,0.0,3.5,6,404
404,3.89,3.53,3.79,3.83,4.11,3.75,4.17,4.25,4.29,2.5,4.0,3.3,0.0,4.2,0.0,5.0,6,405
405,4.1,3.91,3.94,3.25,3.7,3.82,3.5,3.97,3.83,4.4,4.43,4.0,4.0,4.75,4.3,4.5,1,406
406,3.37,3.53,3.0,3.31,3.64,2.81,3.2,3.35,3.22,3.22,4.17,3.5,3.75,3.25,0.0,5.0,6,407
407,4.0,3.87,3.76,3.71,3.64,4.19,3.67,4.16,3.38,4.19,4.0,3.17,2.5,2.0,4.8,4.6,1,408
408,4.61,4.75,4.24,4.64,3.7,4.32,2.5,4.92,4.25,5.0,5.0,5.0,0.0,0.0,0.0,0.0,3,409
409,3.56,3.29,3.27,3.28,3.42,3.38,3.4,3.48,3.41,3.57,3.83,3.08,3.79,3.45,3.86,3.68,1,410
410,4.27,4.21,3.92,3.9,3.87,3.95,4.0,4.43,3.5,4.23,4.5,3.88,4.0,3.5,4.2,4.5,1,411
411,3.69,2.73,3.0,2.31,1.6,2.89,2.4,3.5,2.79,2.75,3.62,3.25,0.5,0.5,4.0,4.0,4,412
412,4.58,4.6,4.55,4.34,4.33,4.5,4.5,4.5,4.81,4.5,4.33,3.9,4.0,0.0,0.0,0.0,5,413
413,4.06,3.32,3.18,2.37,3.1,3.75,3.38,3.36,3.22,3.46,4.25,3.0,0.5,4.25,3.75,4.0,1,414
414,3.9,3.89,3.7,3.8,3.52,4.05,3.81,4.05,2.71,3.89,4.05,3.87,2.83,2.17,2.5,4.3,1,415
415,3.98,3.76,3.82,3.62,3.8,4.0,3.68,4.07,3.83,3.95,3.86,3.67,3.75,4.14,4.0,3.64,1,416
416,4.43,4.3,3.5,2.88,3.5,4.5,4.5,4.83,3.67,4.25,3.83,5.0,3.0,0.0,0.0,0.0,5,417
417,3.69,3.0,2.92,3.45,3.4,3.45,2.85,3.45,3.4,3.2,3.9,2.75,4.0,3.0,4.33,0.0,7,418
418,4.15,3.56,4.0,3.14,3.2,4.25,3.64,4.3,3.5,3.5,3.33,1.5,0.0,0.0,0.0,0.0,3,419
419,3.74,3.81,3.51,3.55,2.88,3.54,2.95,3.76,4.0,3.82,4.25,3.94,4.5,4.5,3.62,0.0,7,420
420,3.66,3.57,3.36,3.47,3.43,3.44,3.36,3.72,3.48,3.75,3.81,3.63,3.33,3.06,3.5,0.0,7,421
421,3.62,2.61,3.76,3.54,4.03,3.89,3.83,3.09,3.95,3.0,5.0,0.0,3.97,4.07,0.0,0.0,0,422
422,3.26,3.26,2.85,3.09,3.12,3.12,2.88,3.57,3.28,3.75,3.44,1.92,2.0,0.83,0.0,3.75,6,423
423,2.93,2.86,2.39,2.67,2.38,2.68,2.7,2.81,2.73,3.13,3.18,2.83,2.62,2.94,4.0,4.25,4,424
424,4.14,4.0,3.9,3.88,3.92,4.23,3.6,3.71,4.67,3.67,4.33,4.0,4.67,4.67,3.0,0.0,7,425
425,3.98,4.5,3.6,4.0,3.38,3.62,3.56,4.5,3.05,4.64,3.0,4.0,3.1,0.0,0.0,0.0,5,426
426,2.9,3.5,2.54,2.62,2.3,2.44,1.67,4.5,3.25,3.5,3.25,0.0,0.0,0.0,0.0,0.0,3,427
427,3.82,3.54,3.24,3.51,3.55,3.79,3.57,3.49,3.64,3.74,3.85,3.93,3.73,4.5,3.5,0.0,7,428
428,3.46,3.67,4.62,3.19,4.0,5.0,4.0,4.15,0.0,3.6,2.33,4.0,0.0,0.0,0.0,0.0,3,429
429,4.03,3.71,3.65,3.69,3.65,3.5,3.66,4.11,3.69,4.15,4.07,3.53,4.05,3.8,0.0,4.0,6,430
430,4.57,4.53,4.11,4.24,4.06,4.12,4.06,4.71,4.0,4.42,0.0,0.0,4.0,4.0,0.0,0.0,2,431
431,3.45,3.2,2.98,2.92,3.17,3.28,2.71,2.91,3.43,3.5,3.75,3.0,3.8,3.71,0.0,0.0,0,432
432,3.88,3.31,3.78,3.41,3.55,3.68,3.67,3.92,3.75,3.75,4.46,0.0,0.0,0.0,0.0,5.0,3,433
433,3.42,3.43,3.3,3.4,3.41,3.25,3.24,3.41,3.34,3.38,3.5,3.12,3.71,3.45,4.5,3.83,1,434
434,4.5,3.88,4.25,3.91,4.11,3.5,3.62,4.75,4.3,0.0,4.25,0.0,4.0,0.0,0.0,4.0,6,435
435,3.84,3.94,3.75,3.9,4.07,4.12,4.14,3.0,4.17,4.0,4.0,3.88,3.5,0.0,4.5,0.0,7,436
436,4.17,4.6,4.68,4.68,4.61,4.25,4.54,4.61,4.5,4.62,2.5,4.5,4.75,0.0,0.0,0.0,5,437
437,1.08,0.6,1.9,0.67,1.83,1.9,1.0,0.5,0.0,0.5,0.5,0.67,1.25,0.0,0.0,0.0,8,438
438,4.17,3.92,4.71,3.71,4.42,4.29,3.79,3.83,4.5,2.88,4.75,3.4,4.0,0.0,0.0,0.0,5,439
439,4.05,3.88,3.85,3.5,2.75,4.12,3.2,4.06,4.2,4.0,4.25,4.5,4.0,4.0,0.0,0.0,0,440
440,3.84,3.8,4.2,3.75,3.65,3.96,3.88,3.62,3.96,4.43,3.8,3.67,3.5,3.0,0.0,0.0,0,441
441,3.31,3.26,3.0,3.0,2.9,3.21,3.08,3.25,3.38,3.67,3.5,3.0,3.4,3.4,0.0,0.0,0,442
442,3.97,3.94,3.63,3.91,4.06,3.94,3.5,4.07,4.38,3.25,4.5,3.75,4.0,4.0,0.0,0.0,0,443
443,2.99,2.76,2.91,2.73,2.95,2.79,2.62,2.94,2.8,2.87,3.18,2.12,3.35,3.36,3.67,3.92,1,444
444,3.78,3.55,2.76,3.05,2.71,2.5,2.5,3.79,2.17,3.8,3.5,2.5,0.0,0.0,0.0,4.5,3,445
445,4.15,4.0,3.79,4.24,4.12,4.0,4.12,4.2,4.0,4.0,4.67,3.43,4.0,4.0,0.0,0.0,0,446
446,4.1,3.71,3.85,3.42,3.7,3.7,3.2,4.4,3.5,4.5,0.0,5.0,4.5,4.0,0.0,0.0,2,447
447,4.57,4.54,4.75,4.51,4.4,4.48,4.42,4.64,4.46,4.73,5.0,4.57,4.67,4.67,5.0,0.0,7,448
448,3.86,3.72,4.13,3.85,3.91,4.03,4.05,3.98,4.05,3.41,4.0,3.21,4.91,4.67,4.0,4.0,1,449
449,3.76,3.8,3.83,3.8,3.5,4.0,3.75,3.82,3.12,3.82,3.0,3.75,3.25,0.0,4.0,0.0,7,450
450,3.71,3.38,3.42,3.12,3.1,3.73,2.83,3.36,3.4,3.5,4.17,4.0,3.0,3.0,0.0,0.0,0,451
451,3.92,4.15,3.53,4.1,4.4,3.7,4.0,4.25,3.83,4.0,0.0,4.5,4.33,3.5,0.0,0.0,2,452
452,3.73,3.33,3.53,3.57,3.8,4.0,3.0,4.25,4.67,3.0,5.0,2.67,3.5,4.0,0.0,0.0,0,453
453,4.32,4.57,3.87,4.2,4.07,4.19,4.0,4.25,3.8,4.0,4.75,0.0,4.25,3.8,0.0,0.0,0,454
454,4.61,4.4,4.3,4.27,4.37,5.0,4.1,4.5,4.5,4.67,4.5,0.0,4.5,0.0,0.0,0.0,5,455
455,4.29,4.13,4.07,4.27,4.22,4.32,4.2,4.29,4.37,4.36,4.67,4.0,4.21,4.5,0.0,0.0,0,456
456,3.61,1.81,4.42,0.94,1.2,4.25,0.5,3.67,4.0,4.0,3.0,4.0,0.0,0.0,0.0,0.0,3,457
457,3.38,3.23,3.2,2.84,2.8,2.87,2.85,3.59,3.06,3.23,3.73,3.38,2.88,3.46,3.75,4.01,1,458
458,3.94,3.79,3.39,3.81,4.0,3.5,3.88,4.0,4.5,3.0,3.83,3.67,3.5,3.5,0.0,3.5,6,459
459,4.24,3.68,3.12,3.57,3.47,3.64,3.5,4.23,3.12,4.38,4.15,3.67,2.38,2.75,5.0,0.0,7,460
460,4.21,4.06,4.47,3.84,3.78,4.35,3.79,4.26,4.0,4.23,4.55,4.5,4.0,4.0,4.5,0.0,7,461
461,4.06,3.93,3.85,3.79,3.88,3.86,3.78,3.71,4.04,4.15,4.1,4.25,4.04,3.5,0.0,0.0,0,462
462,3.87,2.0,3.6,2.71,2.0,3.67,1.5,1.0,0.0,0.0,4.0,1.0,2.0,2.0,0.0,0.0,8,463
463,3.57,3.21,3.18,3.0,3.27,4.5,3.25,2.78,3.75,3.67,3.33,4.0,4.0,4.0,0.0,0.0,0,464
464,3.94,3.53,3.64,3.24,3.39,3.65,3.31,4.0,3.81,3.95,4.12,3.5,3.44,3.69,4.31,1.0,7,465
465,3.68,3.43,3.57,3.62,3.52,3.82,3.88,3.29,3.67,3.0,4.17,3.0,3.5,3.5,0.0,0.0,0,466
466,4.04,3.56,3.96,3.71,3.64,3.93,3.57,4.0,4.33,4.0,3.9,3.5,3.93,3.5,0.0,0.0,0,467
467,4.4,3.83,3.83,4.75,4.4,3.5,3.83,4.88,3.7,3.33,0.0,3.0,0.0,0.0,0.0,0.0,3,468
468,3.89,3.69,3.03,3.38,3.5,3.44,3.6,4.38,3.25,4.0,0.0,3.0,4.0,0.0,0.0,3.5,6,469
469,3.55,3.47,3.18,3.23,3.4,3.48,3.42,3.49,3.29,3.48,3.46,3.1,3.49,3.4,3.74,3.69,1,470
470,4.57,4.39,4.33,4.41,4.45,4.45,4.38,4.29,4.62,4.88,4.25,4.5,4.15,4.67,0.0,0.0,0,471
471,3.73,3.53,3.37,3.43,3.71,3.57,4.0,3.43,4.12,3.67,4.33,0.0,4.0,4.5,0.0,0.0,0,472
472,3.95,3.73,3.6,3.71,3.73,3.71,3.84,3.98,3.61,3.99,4.42,3.54,3.91,3.35,4.25,4.25,1,473
473,2.69,2.2,2.81,3.12,3.0,2.5,2.8,3.5,3.25,3.5,1.5,0.5,3.0,3.75,0.0,0.0,2,474
474,3.75,3.0,3.42,2.56,3.0,3.47,2.56,3.27,3.17,2.75,3.2,2.71,3.33,3.92,0.0,3.0,6,475
475,3.6,3.13,3.08,3.04,3.23,3.28,3.06,3.4,3.35,3.48,3.75,2.69,3.15,3.44,3.7,3.32,1,476
476,3.0,2.83,2.17,2.78,2.67,3.5,2.8,3.17,0.0,3.0,4.0,2.0,0.0,0.0,5.0,0.0,4,477
477,3.03,3.78,3.16,3.81,3.93,3.25,4.0,3.58,3.41,3.06,1.83,3.67,2.9,4.0,0.0,0.0,0,478
478,3.84,3.48,3.61,3.49,3.64,3.65,3.46,3.84,3.82,3.75,3.75,2.83,3.83,3.48,4.33,3.7,1,479
479,3.8,3.26,3.91,3.7,3.81,3.78,3.43,3.97,3.97,3.5,4.12,2.9,4.64,4.7,3.25,4.5,1,480
480,4.1,4.55,3.8,3.91,3.6,4.67,3.25,4.6,0.0,0.0,4.33,3.0,4.0,4.0,0.0,0.0,8,481
481,4.57,4.1,3.67,3.95,4.0,4.14,3.85,4.0,3.5,3.6,5.0,3.5,3.0,3.0,0.0,0.0,0,482
482,3.41,3.17,2.76,3.28,3.47,3.2,3.5,3.0,3.72,3.08,4.33,3.38,3.43,0.0,0.0,0.0,5,483
483,3.71,3.93,3.94,3.5,4.37,3.89,3.75,4.14,4.12,3.5,4.1,4.17,4.23,3.83,3.25,4.25,1,484
484,3.26,2.81,2.86,2.77,2.98,3.07,2.89,3.05,3.06,3.03,3.36,2.88,3.5,3.74,3.17,4.0,1,485
485,3.59,3.38,2.75,2.88,2.85,3.0,3.21,3.44,2.89,3.64,3.67,2.67,3.5,3.0,0.0,0.0,0,486
486,4.15,5.0,4.02,4.25,4.42,4.13,4.25,4.25,4.3,5.0,4.5,0.0,3.7,0.0,0.0,0.0,5,487
487,3.77,4.02,3.8,4.13,4.07,3.5,4.13,3.86,3.7,3.6,5.0,4.25,4.0,3.25,0.0,0.0,0,488
488,3.68,3.64,4.0,3.82,3.53,4.2,3.53,4.06,3.4,0.0,3.75,2.43,0.0,0.0,0.0,0.0,3,489
489,4.67,4.0,1.5,4.35,4.27,0.0,4.44,4.0,2.0,0.0,4.33,5.0,0.0,0.0,0.0,0.0,3,490
490,4.3,4.03,3.99,3.86,3.63,4.18,3.85,4.23,3.13,4.47,4.27,3.46,3.75,4.2,4.25,3.75,1,491
491,3.6,5.0,2.83,3.28,2.92,3.32,3.3,4.5,3.8,5.0,2.0,2.5,2.62,3.83,0.0,0.0,2,492
492,3.98,3.32,3.5,2.85,2.75,3.72,3.06,3.86,2.33,3.43,4.12,4.33,4.0,4.0,0.0,0.0,0,493
493,4.43,3.86,4.23,3.46,3.77,4.25,3.0,3.83,0.0,4.0,5.0,0.0,5.0,5.0,0.0,0.0,0,494
494,4.1,4.0,3.57,3.79,3.79,4.0,2.33,3.5,3.67,3.0,0.0,3.8,3.5,4.3,0.0,4.5,6,495
495,3.15,3.25,3.21,3.75,3.61,3.11,3.83,3.29,3.71,4.5,4.0,3.33,3.57,3.45,0.0,0.0,0,496
496,2.94,3.33,3.33,3.31,3.21,3.25,3.6,3.09,2.0,3.0,3.0,3.5,2.75,2.0,0.0,0.0,8,497
497,3.29,2.94,3.2,2.5,3.75,1.92,4.06,4.42,3.33,2.0,5.0,3.5,4.0,4.0,0.0,0.0,0,498
498,3.6,3.38,2.92,2.89,2.91,3.21,3.35,3.8,2.75,3.45,3.7,3.06,3.3,3.12,0.0,3.5,6,499
499,3.92,3.88,3.76,3.42,4.06,3.74,3.75,4.03,3.75,4.0,4.25,3.5,4.17,4.0,0.0,3.62,6,500
500,4.0,4.59,3.77,4.2,4.0,3.0,3.93,4.33,4.5,4.38,0.0,4.44,4.38,4.62,0.0,0.0,2,501
501,3.33,3.1,3.03,2.33,2.33,3.38,4.17,3.5,2.5,2.0,3.0,4.5,2.0,3.0,0.0,3.5,6,502
502,3.33,3.5,3.5,3.38,3.2,3.67,3.33,3.0,3.0,3.0,3.33,3.0,3.0,3.0,0.0,0.0,0,503
503,3.32,3.09,3.14,3.17,3.26,3.23,3.23,3.23,3.27,3.29,3.21,2.8,3.35,3.28,3.5,4.0,1,504
504,2.95,2.5,2.88,2.57,2.94,2.95,2.27,3.04,2.78,2.54,3.9,2.2,3.5,3.5,4.0,4.0,1,505
505,4.22,3.94,4.31,4.07,4.17,4.3,3.98,4.8,4.0,4.12,4.67,3.38,4.5,3.5,0.0,0.0,0,506
506,3.79,4.05,3.46,3.63,3.33,3.8,3.5,4.33,3.4,4.4,4.8,5.0,3.67,3.67,0.0,0.0,0,507
507,4.33,3.83,3.83,3.85,3.8,3.67,3.86,4.5,3.5,4.0,4.38,2.83,4.0,4.0,0.0,0.0,0,508
508,3.65,3.32,3.38,3.35,3.41,3.48,3.26,3.59,3.21,3.07,3.55,2.7,3.83,3.6,4.0,3.6,1,509
509,4.92,4.69,5.0,4.79,4.86,5.0,4.9,4.85,4.0,4.62,4.8,4.5,5.0,0.0,0.0,0.0,5,510
510,3.8,3.67,3.54,4.0,4.0,3.5,4.0,3.4,4.0,0.0,3.25,0.0,5.0,0.0,0.0,0.0,8,511
511,2.47,1.81,2.24,1.82,2.41,2.5,2.19,2.02,2.92,2.12,2.54,1.3,2.61,2.95,1.25,1.75,8,512
512,3.36,4.0,3.93,3.86,3.57,2.88,3.5,4.17,4.0,4.0,2.5,4.33,4.0,3.17,0.0,0.0,0,513
513,4.67,4.75,4.14,4.29,3.75,4.11,4.0,4.59,0.0,5.0,5.0,0.0,0.0,0.0,0.0,0.0,3,514
514,3.85,4.01,3.93,3.89,3.95,3.98,3.86,3.88,4.1,3.95,3.92,3.82,4.2,3.6,4.5,3.5,1,515
515,3.7,3.62,3.57,3.6,3.67,3.7,3.2,3.56,3.75,3.4,0.0,0.0,4.0,4.0,0.0,0.0,2,516
516,3.79,3.96,3.68,3.91,3.79,3.77,4.03,4.03,3.71,4.0,3.7,4.38,3.68,3.79,3.5,4.25,1,517
517,4.74,4.73,4.45,4.78,4.64,4.78,4.67,4.83,4.73,5.0,4.75,5.0,4.6,4.75,0.0,0.0,0,518
518,3.45,3.56,3.4,3.54,3.81,3.47,3.4,2.86,4.0,3.17,4.0,3.17,4.0,3.5,3.0,0.0,7,519
519,3.68,3.62,3.55,3.51,3.52,3.57,3.51,3.79,3.52,3.88,3.71,3.83,3.32,3.54,3.5,3.56,1,520
520,4.21,4.0,4.2,4.0,4.28,4.15,4.17,4.31,3.75,3.75,4.33,4.0,3.83,0.0,0.0,0.0,5,521
521,3.93,4.25,3.98,4.4,4.22,3.91,4.35,3.67,4.14,3.91,3.62,4.33,3.94,4.0,4.0,4.0,1,522
522,3.56,4.0,3.03,3.8,2.88,3.14,3.36,3.88,2.12,3.14,4.12,4.0,2.75,0.0,4.0,4.5,1,523
523,3.87,3.85,3.8,3.5,3.5,3.8,3.5,4.0,5.0,3.0,4.0,4.0,0.0,0.0,0.0,0.0,3,524
524,4.0,4.4,2.5,3.9,4.0,3.0,4.0,4.5,3.0,0.0,0.0,3.0,0.0,3.0,0.0,0.0,8,525
525,4.3,4.29,3.75,4.36,4.5,4.0,4.56,4.09,4.0,4.33,5.0,4.5,0.0,0.0,4.0,0.0,3,526
526,4.17,4.5,4.29,4.46,4.44,4.5,4.29,4.33,5.0,4.0,5.0,4.43,5.0,3.0,0.0,0.0,0,527
527,3.83,3.78,3.89,3.74,3.73,3.94,3.7,3.82,3.8,3.8,3.86,4.16,3.92,4.02,4.5,0.0,7,528
528,2.64,1.8,2.56,2.17,1.0,2.56,4.0,2.75,1.0,3.5,0.0,3.0,5.0,3.0,0.0,0.0,2,529
529,3.65,3.43,3.54,3.3,4.0,2.75,2.83,2.8,0.0,3.0,5.0,2.75,0.0,0.0,0.0,0.0,3,530
530,4.05,4.68,3.9,4.0,4.4,2.83,3.17,4.5,4.56,4.5,3.17,5.0,0.0,0.0,0.0,5.0,6,531
531,4.33,0.0,4.48,4.67,4.58,4.33,5.0,4.5,4.57,4.0,2.5,0.0,4.75,4.69,0.0,0.0,2,532
532,3.94,2.0,3.81,3.75,4.33,4.33,3.0,3.7,4.5,0.0,3.5,4.25,4.5,3.5,0.0,0.0,8,533
533,3.95,3.92,3.77,4.2,3.94,3.17,4.46,4.39,3.64,3.83,5.0,3.7,3.5,4.0,5.0,0.0,7,534
534,3.84,3.57,3.14,3.24,3.52,3.47,3.22,3.27,2.86,3.8,5.0,3.6,3.67,3.4,0.0,0.0,0,535
535,3.86,3.35,3.43,3.2,3.76,4.06,3.67,3.39,3.7,3.7,5.0,2.62,4.23,4.56,0.0,2.5,6,536
536,4.13,5.0,4.33,4.73,5.0,4.18,4.91,4.85,5.0,4.5,3.5,5.0,5.0,5.0,0.0,0.0,0,537
537,4.62,4.12,4.33,4.25,4.33,4.5,4.33,4.0,3.0,3.5,0.0,5.0,3.0,0.0,0.0,5.0,6,538
538,3.1,3.83,2.88,3.56,2.7,2.83,3.6,4.38,2.5,3.67,3.83,3.0,0.0,0.0,0.0,0.0,3,539
539,3.06,3.5,3.5,3.5,3.3,3.75,3.12,3.17,4.0,2.67,2.0,3.71,2.0,2.0,0.0,0.0,8,540
540,4.0,4.2,4.8,3.67,0.0,4.17,5.0,3.67,5.0,4.5,2.67,0.0,0.0,3.0,5.0,3.5,1,541
541,4.27,4.88,3.94,4.0,3.93,3.4,3.6,4.3,4.0,3.5,4.75,0.0,0.0,0.0,0.0,3.5,3,542
542,4.11,4.86,0.0,3.83,2.88,0.0,3.43,4.57,3.17,5.0,3.0,0.0,0.0,0.0,0.0,0.0,3,543
543,3.96,4.25,4.17,4.23,4.18,4.0,4.4,4.25,4.0,5.0,4.0,0.0,3.88,0.0,0.0,0.0,5,544
544,3.72,3.83,3.71,3.75,3.57,4.09,3.68,3.91,3.04,3.96,4.09,4.17,3.83,0.0,4.0,4.0,1,545
545,3.34,3.1,3.19,2.86,3.03,3.15,3.06,3.37,3.1,3.25,3.5,2.67,3.42,3.82,3.67,0.0,7,546
546,4.42,4.37,4.02,4.28,3.93,4.05,4.38,4.44,4.0,4.21,4.0,0.0,0.0,0.0,4.0,4.75,1,547
547,4.18,4.27,3.76,3.73,3.71,4.36,4.5,4.5,3.47,4.0,4.5,3.14,3.64,3.91,0.0,0.0,0,548
548,3.68,3.39,3.49,3.39,3.56,3.58,3.29,3.68,3.58,3.63,3.89,2.93,4.0,3.45,3.0,3.0,1,549
549,3.92,4.75,3.5,3.82,3.88,4.0,3.25,4.83,4.62,5.0,3.75,4.5,3.5,0.5,0.0,0.0,5,550
550,3.97,3.89,3.94,4.2,4.17,3.93,4.0,3.6,3.85,4.2,4.5,3.25,4.33,5.0,0.0,0.0,0,551
551,3.57,3.22,3.13,3.25,3.41,3.46,3.44,3.28,3.42,3.0,3.4,3.2,3.86,3.58,0.0,0.0,0,552
552,3.61,3.67,3.51,3.62,3.52,3.38,3.55,3.81,3.53,3.7,3.66,3.7,3.49,3.44,4.5,3.45,1,553
553,3.49,3.23,3.36,3.31,3.3,3.27,3.26,3.48,3.4,3.58,3.81,3.49,3.04,3.55,3.83,0.0,7,554
554,4.21,4.08,4.14,3.95,4.01,4.18,3.96,4.19,4.12,4.03,3.94,4.06,4.36,4.2,3.75,4.0,1,555
555,3.35,3.09,3.25,3.58,3.13,3.25,3.45,3.39,3.21,3.5,3.75,3.42,3.71,3.91,0.0,0.0,0,556
556,3.38,3.32,3.65,3.3,3.5,3.47,3.22,3.6,3.33,3.2,2.5,3.5,1.0,3.5,0.0,0.0,0,557
557,4.1,3.83,3.29,3.12,3.33,3.71,5.0,3.33,3.0,4.67,4.5,0.0,3.0,3.0,0.0,0.0,0,558
558,3.73,3.55,3.58,3.3,3.1,3.83,3.3,3.67,3.17,4.33,4.5,5.0,2.0,2.0,0.0,0.0,0,559
559,2.6,2.28,2.33,1.9,2.06,2.71,2.11,2.02,2.11,2.6,2.48,2.17,2.36,1.8,4.0,2.5,4,560
560,4.23,4.3,3.82,3.0,3.62,4.0,3.25,4.83,3.5,5.0,4.5,5.0,0.0,5.0,0.0,0.0,0,561
561,4.2,4.0,3.86,4.09,4.0,3.75,4.33,4.14,4.0,3.0,3.0,0.0,4.0,4.0,0.0,0.0,2,562
562,3.55,3.53,3.21,3.45,3.48,3.43,3.58,3.43,3.29,3.45,3.5,3.29,3.5,3.25,0.0,0.0,0,563
563,3.36,2.75,2.63,2.7,3.33,3.5,2.55,4.0,2.91,3.1,0.0,2.5,4.0,3.0,1.0,0.0,2,564
564,4.19,4.18,3.88,3.91,3.97,3.98,3.93,4.35,3.29,4.29,4.55,4.33,3.67,2.67,3.0,0.0,7,565
565,4.14,4.19,4.33,4.17,4.12,3.81,4.14,4.28,4.16,4.37,4.32,4.33,4.42,4.11,4.25,4.25,1,566
566,4.0,3.8,3.88,3.62,4.12,4.0,4.0,3.5,3.0,5.0,4.5,5.0,4.5,4.5,0.0,0.0,0,567
567,3.64,3.71,3.33,3.67,4.0,3.14,4.0,3.83,4.0,3.0,3.0,2.25,1.0,0.0,0.0,1.0,3,568
568,3.1,3.42,3.2,3.17,3.5,2.33,2.86,4.75,3.8,3.5,0.0,3.12,3.5,0.0,0.0,0.0,2,569
569,3.71,3.39,3.46,3.56,3.61,3.71,3.38,3.6,3.33,3.71,4.09,3.09,3.5,2.75,0.0,0.0,0,570
570,4.16,3.0,3.9,3.33,5.0,4.32,0.0,5.0,3.33,5.0,0.0,1.83,0.0,0.0,0.0,0.0,3,571
571,4.18,4.29,3.97,3.95,4.0,4.3,3.91,3.6,3.88,4.0,4.4,3.5,3.78,3.62,0.0,0.0,0,572
572,3.46,3.8,3.34,3.78,3.57,3.43,3.66,3.76,3.64,3.68,3.59,3.73,3.33,2.88,2.14,2.88,1,573
573,4.38,4.12,4.36,4.29,4.43,4.22,4.28,4.5,4.35,4.5,4.6,4.5,4.3,0.0,0.0,0.0,5,574
574,3.98,3.93,3.88,4.08,4.17,3.83,3.94,4.19,4.35,4.07,3.83,4.0,3.88,0.0,0.0,0.0,5,575
575,3.25,3.25,3.36,3.0,3.39,3.44,0.0,3.1,3.5,0.0,4.0,2.83,3.45,3.33,0.0,0.0,8,576
576,4.32,4.45,3.72,4.28,4.47,4.35,4.23,3.62,4.29,4.8,5.0,3.75,4.8,4.6,0.0,0.0,0,577
577,4.36,4.34,4.31,4.28,4.17,4.25,3.25,4.45,4.0,4.11,4.5,0.0,4.0,0.0,4.0,4.5,1,578
578,4.0,4.24,4.46,4.42,4.48,4.14,4.4,4.23,4.58,3.78,3.83,4.2,4.61,4.5,0.0,0.0,0,579
579,4.24,4.26,3.84,4.12,4.11,4.13,4.23,4.25,3.83,4.22,3.71,3.0,4.33,3.57,3.5,0.0,7,580
580,3.33,3.31,3.25,2.91,2.82,3.0,2.67,3.4,1.0,3.4,4.0,3.33,3.0,3.0,0.0,0.0,0,581
581,4.04,4.07,3.9,4.0,4.17,4.57,4.33,4.38,4.5,3.0,4.33,5.0,0.0,0.0,0.0,5.0,6,582
582,3.68,3.26,3.04,3.28,3.33,3.44,3.2,3.55,3.33,3.36,3.99,3.06,3.78,3.79,3.84,3.75,1,583
583,3.04,2.56,3.67,3.8,4.31,3.12,3.64,3.0,3.5,3.6,4.0,2.8,3.8,3.0,0.0,0.0,0,584
584,4.0,3.61,3.45,3.7,3.83,4.07,3.87,3.67,3.29,4.0,4.67,3.33,3.83,3.8,0.0,0.0,0,585
585,3.72,3.38,2.93,2.96,2.97,3.35,3.08,3.81,2.78,3.6,3.42,4.0,3.14,3.5,4.0,0.0,7,586
586,3.72,3.44,4.17,4.38,4.27,4.52,4.3,4.07,3.39,2.03,3.64,1.71,4.6,4.44,0.0,4.5,6,587
587,4.4,4.4,4.0,4.0,4.33,4.33,4.5,4.33,5.0,4.0,0.0,0.0,4.5,4.0,0.0,0.0,2,588
588,3.54,3.45,3.48,3.39,3.52,3.55,3.5,3.39,3.53,3.72,3.15,3.6,3.98,3.72,4.0,4.25,1,589
589,4.1,3.65,3.99,3.56,3.73,3.89,3.85,3.97,3.94,4.0,4.67,4.38,4.0,3.82,4.18,5.0,1,590
590,4.88,3.25,3.5,4.3,3.69,3.68,5.0,3.38,3.38,3.33,0.0,0.5,1.0,1.0,0.0,0.0,2,591
591,2.82,2.7,2.42,2.74,2.77,2.67,2.76,2.81,2.65,2.83,2.9,2.4,2.91,2.62,3.3,3.07,4,592
592,2.94,2.7,3.07,2.66,3.17,3.0,2.94,2.9,3.51,2.86,2.55,2.9,3.22,3.33,3.0,3.83,1,593
593,4.43,4.4,4.35,4.36,4.44,4.38,4.3,4.56,4.53,4.58,4.56,4.5,4.57,0.0,0.0,4.0,6,594
594,3.29,3.69,3.3,3.57,3.21,3.24,3.33,3.71,3.71,3.45,4.0,3.67,4.0,4.0,3.5,3.0,1,595
595,3.61,3.56,3.3,3.18,3.06,3.45,3.22,3.74,3.55,3.53,3.52,3.44,2.25,3.53,4.26,3.86,1,596
596,3.49,3.67,3.24,3.62,3.63,3.07,3.59,3.63,3.42,3.75,3.0,3.64,3.43,3.25,0.0,0.0,0,597
597,3.12,2.92,3.26,3.22,3.26,3.33,3.29,3.05,3.15,3.44,2.78,2.87,2.94,3.08,0.0,3.0,6,598
598,3.79,3.53,3.57,3.18,3.5,3.74,3.56,3.65,3.6,3.79,3.79,3.35,3.71,3.73,3.81,3.8,1,599
599,4.01,4.11,3.33,3.72,3.47,3.52,3.25,3.81,3.57,4.65,4.17,4.11,3.33,3.6,0.0,0.0,0,600
600,3.44,3.54,2.74,3.33,3.22,2.89,3.3,3.61,3.0,3.55,3.58,3.32,3.12,2.76,3.75,3.0,1,601
601,3.37,3.29,3.29,3.09,3.2,3.2,3.0,3.5,3.0,0.0,3.5,3.5,3.0,0.0,0.0,3.0,8,602
602,3.87,3.57,3.73,3.6,3.71,3.73,3.66,3.8,3.59,3.77,3.78,3.51,3.9,3.93,4.35,4.2,1,603
603,3.91,3.67,4.22,3.0,3.9,4.25,3.64,0.0,4.3,4.0,0.0,3.5,4.33,4.0,0.0,0.0,2,604
604,4.86,4.8,4.35,4.73,4.33,4.2,4.88,0.0,3.57,5.0,5.0,4.0,4.17,4.33,0.0,0.0,0,605
605,3.43,2.83,3.75,3.12,3.5,3.8,3.5,0.0,2.42,2.0,0.0,2.83,2.67,2.5,0.0,0.0,8,606
606,1.95,2.0,2.34,1.75,2.79,1.7,3.75,0.0,1.67,0.0,4.5,1.75,1.5,1.83,0.0,0.0,8,607
607,4.0,3.88,2.58,3.89,3.55,3.0,4.25,0.0,3.2,4.0,0.0,0.0,3.0,3.0,0.0,0.0,2,608
608,3.79,3.62,4.33,4.12,4.15,3.5,4.25,0.0,4.04,4.0,0.0,4.0,5.0,4.5,0.0,0.0,2,609
609,4.03,0.5,3.72,0.0,0.0,4.28,0.5,0.0,0.0,0.0,0.0,0.5,0.0,4.17,0.0,0.0,8,610
